LocNombre,LocAAdmini,LocArea,LocCodigo,SHAPE_Leng,SHAPE_Area,DPTO_CCDGO,MPIO_CCDGO,MPIO_CNMBR,MPIO_CRSLC,MPIO_NAREA,MPIO_CCNCT,MPIO_NANO,DPTO_CNMBR,SHAPE_LEN,ORIG_FID,layer,path,combined,longitude,latitude
ANTONIO NARIÑO,Acuerdo 117 de 2003,4879543.38642999995,"15",0.10897302011,0.00039734136,,,,,,,,,,,bogota_localidades,/Users/jasminevieri/Documents/PhD/GIS_new/locashp/Loca.shp,ANTONIO NARIÑO,-74.10284240,4.58877067
TUNJUELITO,Acuerdo 117 de 2003,9910939.74356999993,"06",0.21054198767,0.00080703275,,,,,,,,,,,bogota_localidades,/Users/jasminevieri/Documents/PhD/GIS_new/locashp/Loca.shp,TUNJUELITO,-74.13598945,4.57484140
RAFAEL URIBE URIBE,Acuerdo 117 de 2003,13834084.80650000088,"18",0.17451269790,0.00112647549,,,,,,,,,,,bogota_localidades,/Users/jasminevieri/Documents/PhD/GIS_new/locashp/Loca.shp,RAFAEL URIBE URIBE,-74.11336318,4.56647690
CANDELARIA,Acuerdo 117 de 2003,2060242.92048000009,"17",0.06715788033,0.00016776716,,,,,,,,,,,bogota_localidades,/Users/jasminevieri/Documents/PhD/GIS_new/locashp/Loca.shp,CANDELARIA,-74.07207080,4.59660508
BARRIOS UNIDOS,Acuerdo 8 de 1977,11903448.20490000024,"12",0.12118017098,0.00096940568,,,,,,,,,,,bogota_localidades,/Users/jasminevieri/Documents/PhD/GIS_new/locashp/Loca.shp,BARRIOS UNIDOS,-74.07355161,4.66956693
TEUSAQUILLO,Acuerdo 8 de 1977,14193168.12749999948,"13",0.14831441196,0.00115583267,,,,,,,,,,,bogota_localidades,/Users/jasminevieri/Documents/PhD/GIS_new/locashp/Loca.shp,TEUSAQUILLO,-74.08576902,4.64117359
PUENTE ARANDA,Acuerdo 8 de 1977,17311149.93629999831,"16",0.16111565994,0.00140969995,,,,,,,,,,,bogota_localidades,/Users/jasminevieri/Documents/PhD/GIS_new/locashp/Loca.shp,PUENTE ARANDA,-74.11158023,4.61624547
LOS MARTIRES,Acuerdo 8 de 1977,6514046.26040000003,"14",0.09938223247,0.00053044988,,,,,,,,,,,bogota_localidades,/Users/jasminevieri/Documents/PhD/GIS_new/locashp/Loca.shp,LOS MARTIRES,-74.08794787,4.60715594
SUMAPAZ,Acuerdo 9 de 1986,780968757.71899998188,"20",1.91494941985,0.06354912675,,,,,,,,,,,bogota_localidades,/Users/jasminevieri/Documents/PhD/GIS_new/locashp/Loca.shp,SUMAPAZ,-74.25697872,4.03656875
USAQUEN,Acuerdo 8 de 1977 y Res 1751 de 2016,65201413.76560000330,"01",0.43690690072,0.00531045069,,,,,,,,,,,bogota_localidades,/Users/jasminevieri/Documents/PhD/GIS_new/locashp/Loca.shp,USAQUEN,-74.02788209,4.74192856
CHAPINERO,Acuerdo 8 de 1977 y Res 1751 de 2016,38008914.99419999868,"02",0.33396615612,0.00309529269,,,,,,,,,,,bogota_localidades,/Users/jasminevieri/Documents/PhD/GIS_new/locashp/Loca.shp,CHAPINERO,-74.03693918,4.64492472
SANTA FE,Acuerdo 117 de 2003,45170645.86739999801,"03",0.39505198881,0.00367825909,,,,,,,,,,,bogota_localidades,/Users/jasminevieri/Documents/PhD/GIS_new/locashp/Loca.shp,SANTA FE,-74.03621758,4.59397273
SAN CRISTOBAL,Acuerdo 117 de 2003,49098548.52719999850,"04",0.36368923689,0.00399787067,,,,,,,,,,,bogota_localidades,/Users/jasminevieri/Documents/PhD/GIS_new/locashp/Loca.shp,SAN CRISTOBAL,-74.06607256,4.54874901
USME,Acuerdo 15 de 1993,215066686.64399999380,"05",0.98296930022,0.01750825047,,,,,,,,,,,bogota_localidades,/Users/jasminevieri/Documents/PhD/GIS_new/locashp/Loca.shp,USME,-74.14280650,4.39002513
CIUDAD BOLIVAR,Acuerdo 14 de 1983,130002593.08300000429,"19",0.70213625374,0.01058460229,,,,,,,,,,,bogota_localidades,/Users/jasminevieri/Documents/PhD/GIS_new/locashp/Loca.shp,CIUDAD BOLIVAR,-74.16195890,4.48246027
BOSA,Acuerdo 14 de 1983,23933196.08870000020,"07",0.30790145306,0.00194896799,,,,,,,,,,,bogota_localidades,/Users/jasminevieri/Documents/PhD/GIS_new/locashp/Loca.shp,BOSA,-74.19438893,4.62177996
KENNEDY,Acuerdo 8 de 1977,38589733.81139999628,"08",0.28358181296,0.00314254262,,,,,,,,,,,bogota_localidades,/Users/jasminevieri/Documents/PhD/GIS_new/locashp/Loca.shp,KENNEDY,-74.15266762,4.63034735
FONTIBON,Acuerdo 8 de 1977,33281002.49350000173,"09",0.32191534592,0.00271040160,,,,,,,,,,,bogota_localidades,/Users/jasminevieri/Documents/PhD/GIS_new/locashp/Loca.shp,FONTIBON,-74.14015130,4.67818293
ENGATIVA,Acuerdo 8 de 1977,35880967.34709999710,"10",0.29196621565,0.00292224610,,,,,,,,,,,bogota_localidades,/Users/jasminevieri/Documents/PhD/GIS_new/locashp/Loca.shp,ENGATIVA,-74.11318770,4.70112556
SUBA,Acuerdo 8 de 1977,100560477.70999999344,"11",0.59287510509,0.00819062467,,,,,,,,,,,bogota_localidades,/Users/jasminevieri/Documents/PhD/GIS_new/locashp/Loca.shp,SUBA,-74.07584528,4.76320812
,,,,,0.02556381322,"85","015",CHÁMEZA,Ordenanza 0021 del 3 de Diciembre de 1959,313.53253909000,"85015","2020",CASANARE,1.06784829472,"57",MGN_MPIO_POLITICO,/Users/jasminevieri/Documents/PhD/GIS_new/MGN2020_MPIO_POLITICO/MGN_MPIO_POLITICO.shp|layerid=0,"CHÁMEZA, CASANARE",-72.86496804,5.22845340
,,,,,0.01477601914,"85","279",RECETOR,"1798",181.22675503000,"85279","2020",CASANARE,0.67457739991,"64",MGN_MPIO_POLITICO,/Users/jasminevieri/Documents/PhD/GIS_new/MGN2020_MPIO_POLITICO/MGN_MPIO_POLITICO.shp|layerid=0,"RECETOR, CASANARE",-72.77081831,5.26306851
,,,,,0.00414441103,"25","019",ALBÁN,Ordenanza 19 del 22 de Mayo de 1903,50.83509982000,"25019","2020",CUNDINAMARCA,0.51621423839,"577",MGN_MPIO_POLITICO,/Users/jasminevieri/Documents/PhD/GIS_new/MGN2020_MPIO_POLITICO/MGN_MPIO_POLITICO.shp|layerid=0,"ALBÁN, CUNDINAMARCA",-74.44278432,4.89112164
,,,,,0.01010075832,"25","035",ANAPOIMA,Dispocisión de Septiembre 1 de 1864,123.95549005000,"25035","2020",CUNDINAMARCA,0.67055651531,"578",MGN_MPIO_POLITICO,/Users/jasminevieri/Documents/PhD/GIS_new/MGN2020_MPIO_POLITICO/MGN_MPIO_POLITICO.shp|layerid=0,"ANAPOIMA, CUNDINAMARCA",-74.52569530,4.55996288
,,,,,0.00985934006,"25","040",ANOLAIMA,"1882",120.95234711000,"25040","2020",CUNDINAMARCA,0.52803996522,"579",MGN_MPIO_POLITICO,/Users/jasminevieri/Documents/PhD/GIS_new/MGN2020_MPIO_POLITICO/MGN_MPIO_POLITICO.shp|layerid=0,"ANOLAIMA, CUNDINAMARCA",-74.46194256,4.78931361
,,,,,0.01160401274,"25","053",ARBELÁEZ,Decreto 32 de Enero 16 de 1886,142.45996723000,"25053","2020",CUNDINAMARCA,0.80654177769,"580",MGN_MPIO_POLITICO,/Users/jasminevieri/Documents/PhD/GIS_new/MGN2020_MPIO_POLITICO/MGN_MPIO_POLITICO.shp|layerid=0,"ARBELÁEZ, CUNDINAMARCA",-74.39576291,4.23278698
,,,,,0.00497646890,"25","095",BITUIMA,"1772",61.04619360000,"25095","2020",CUNDINAMARCA,0.49082762326,"582",MGN_MPIO_POLITICO,/Users/jasminevieri/Documents/PhD/GIS_new/MGN2020_MPIO_POLITICO/MGN_MPIO_POLITICO.shp|layerid=0,"BITUIMA, CUNDINAMARCA",-74.52862766,4.84782109
,,,,,0.00833959709,"25","099",BOJACÁ,"1700",102.31988131000,"25099","2020",CUNDINAMARCA,0.49791688807,"583",MGN_MPIO_POLITICO,/Users/jasminevieri/Documents/PhD/GIS_new/MGN2020_MPIO_POLITICO/MGN_MPIO_POLITICO.shp|layerid=0,"BOJACÁ, CUNDINAMARCA",-74.32898808,4.69166843
,,,,,0.03434736255,"25","120",CABRERA,Ordenanza 79 Noviembre 29 de 1963,421.83959263000,"25120","2020",CUNDINAMARCA,1.01880514564,"584",MGN_MPIO_POLITICO,/Users/jasminevieri/Documents/PhD/GIS_new/MGN2020_MPIO_POLITICO/MGN_MPIO_POLITICO.shp|layerid=0,"CABRERA, CUNDINAMARCA",-74.44615606,3.91861924
,,,,,0.00435674447,"25","123",CACHIPAY,Ordenanza 6 Noviembre 26 de 1982,53.45261554000,"25123","2020",CUNDINAMARCA,0.42111044932,"585",MGN_MPIO_POLITICO,/Users/jasminevieri/Documents/PhD/GIS_new/MGN2020_MPIO_POLITICO/MGN_MPIO_POLITICO.shp|layerid=0,"CACHIPAY, CUNDINAMARCA",-74.45919528,4.72306334
,,,,,0.00418073258,"25","126",CAJICÁ,"1537",51.27563121000,"25126","2020",CUNDINAMARCA,0.41347352196,"586",MGN_MPIO_POLITICO,/Users/jasminevieri/Documents/PhD/GIS_new/MGN2020_MPIO_POLITICO/MGN_MPIO_POLITICO.shp|layerid=0,"CAJICÁ, CUNDINAMARCA",-74.02985115,4.93040278
,,,,,0.00908495196,"25","151",CÁQUEZA,"1600",111.50681966000,"25151","2020",CUNDINAMARCA,0.57990026594,"588",MGN_MPIO_POLITICO,/Users/jasminevieri/Documents/PhD/GIS_new/MGN2020_MPIO_POLITICO/MGN_MPIO_POLITICO.shp|layerid=0,"CÁQUEZA, CUNDINAMARCA",-73.94482435,4.40225946
,,,,,0.02435708027,"25","154",CARMEN DE CARUPA,"1857",298.54906407000,"25154","2020",CUNDINAMARCA,0.94387290547,"589",MGN_MPIO_POLITICO,/Users/jasminevieri/Documents/PhD/GIS_new/MGN2020_MPIO_POLITICO/MGN_MPIO_POLITICO.shp|layerid=0,"CARMEN DE CARUPA, CUNDINAMARCA",-73.92614817,5.33885656
,,,,,0.01226638040,"25","178",CHIPAQUE,"1852",150.54955403000,"25178","2020",CUNDINAMARCA,0.72976479753,"591",MGN_MPIO_POLITICO,/Users/jasminevieri/Documents/PhD/GIS_new/MGN2020_MPIO_POLITICO/MGN_MPIO_POLITICO.shp|layerid=0,"CHIPAQUE, CUNDINAMARCA",-74.05946980,4.42577893
,,,,,0.01731091841,"25","181",CHOACHÍ,"1700",212.42009623000,"25181","2020",CUNDINAMARCA,0.75216450747,"592",MGN_MPIO_POLITICO,/Users/jasminevieri/Documents/PhD/GIS_new/MGN2020_MPIO_POLITICO/MGN_MPIO_POLITICO.shp|layerid=0,"CHOACHÍ, CUNDINAMARCA",-73.91287723,4.58296520
,,,,,0.02448187119,"25","183",CHOCONTÁ,"1810",300.19389865000,"25183","2020",CUNDINAMARCA,1.03732075803,"593",MGN_MPIO_POLITICO,/Users/jasminevieri/Documents/PhD/GIS_new/MGN2020_MPIO_POLITICO/MGN_MPIO_POLITICO.shp|layerid=0,"CHOCONTÁ, CUNDINAMARCA",-73.68068583,5.11841927
,,,,,0.01083709749,"25","200",COGUA,"1604",132.88038205000,"25200","2020",CUNDINAMARCA,0.68315385370,"594",MGN_MPIO_POLITICO,/Users/jasminevieri/Documents/PhD/GIS_new/MGN2020_MPIO_POLITICO/MGN_MPIO_POLITICO.shp|layerid=0,"COGUA, CUNDINAMARCA",-73.97536559,5.10312753
,,,,,0.00437566088,"25","214",COTA,"1638",53.67739272000,"25214","2020",CUNDINAMARCA,0.51951672868,"595",MGN_MPIO_POLITICO,/Users/jasminevieri/Documents/PhD/GIS_new/MGN2020_MPIO_POLITICO/MGN_MPIO_POLITICO.shp|layerid=0,"COTA, CUNDINAMARCA",-74.12339507,4.78827200
,,,,,0.00895958377,"25","224",CUCUNUBÁ,"1700",109.84017355000,"25224","2020",CUNDINAMARCA,0.55556858295,"596",MGN_MPIO_POLITICO,/Users/jasminevieri/Documents/PhD/GIS_new/MGN2020_MPIO_POLITICO/MGN_MPIO_POLITICO.shp|layerid=0,"CUCUNUBÁ, CUNDINAMARCA",-73.78001885,5.23030810
,,,,,0.00963844195,"25","245",EL COLEGIO,"1653",118.27964495000,"25245","2020",CUNDINAMARCA,0.52123344181,"597",MGN_MPIO_POLITICO,/Users/jasminevieri/Documents/PhD/GIS_new/MGN2020_MPIO_POLITICO/MGN_MPIO_POLITICO.shp|layerid=0,"EL COLEGIO, CUNDINAMARCA",-74.42658478,4.55694708
,,,,,0.01093836090,"25","258",EL PEÑÓN,Ordenanza 14 del 12 de Mayo de 1903,134.09099836000,"25258","2020",CUNDINAMARCA,0.69807376545,"598",MGN_MPIO_POLITICO,/Users/jasminevieri/Documents/PhD/GIS_new/MGN2020_MPIO_POLITICO/MGN_MPIO_POLITICO.shp|layerid=0,"EL PEÑÓN, CUNDINAMARCA",-74.30830564,5.26172824
,,,,,0.01288207762,"25","269",FACATATIVÁ,"1600",158.02073310000,"25269","2020",CUNDINAMARCA,0.67057123765,"599",MGN_MPIO_POLITICO,/Users/jasminevieri/Documents/PhD/GIS_new/MGN2020_MPIO_POLITICO/MGN_MPIO_POLITICO.shp|layerid=0,"FACATATIVÁ, CUNDINAMARCA",-74.33802290,4.83405233
,,,,,0.03749809635,"25","279",FÓMEQUE,"1593",460.17535188000,"25279","2020",CUNDINAMARCA,0.99203604990,"600",MGN_MPIO_POLITICO,/Users/jasminevieri/Documents/PhD/GIS_new/MGN2020_MPIO_POLITICO/MGN_MPIO_POLITICO.shp|layerid=0,"FÓMEQUE, CUNDINAMARCA",-73.79705267,4.52856846
,,,,,0.00905923919,"25","281",FOSCA,"1900",111.20354527000,"25281","2020",CUNDINAMARCA,0.51804834282,"601",MGN_MPIO_POLITICO,/Users/jasminevieri/Documents/PhD/GIS_new/MGN2020_MPIO_POLITICO/MGN_MPIO_POLITICO.shp|layerid=0,"FOSCA, CUNDINAMARCA",-73.95286784,4.31628007
,,,,,0.00552276121,"25","286",FUNZA,"1537",67.75368968000,"25286","2020",CUNDINAMARCA,0.40991240377,"602",MGN_MPIO_POLITICO,/Users/jasminevieri/Documents/PhD/GIS_new/MGN2020_MPIO_POLITICO/MGN_MPIO_POLITICO.shp|layerid=0,"FUNZA, CUNDINAMARCA",-74.19865992,4.74399671
,,,,,0.00632030736,"25","288",FÚQUENE,"1638",77.46122838000,"25288","2020",CUNDINAMARCA,0.43768819934,"603",MGN_MPIO_POLITICO,/Users/jasminevieri/Documents/PhD/GIS_new/MGN2020_MPIO_POLITICO/MGN_MPIO_POLITICO.shp|layerid=0,"FÚQUENE, CUNDINAMARCA",-73.77059829,5.41628890
,,,,,0.03137514195,"25","293",GACHALÁ,"1814",384.99708730000,"25293","2020",CUNDINAMARCA,1.10342864488,"604",MGN_MPIO_POLITICO,/Users/jasminevieri/Documents/PhD/GIS_new/MGN2020_MPIO_POLITICO/MGN_MPIO_POLITICO.shp|layerid=0,"GACHALÁ, CUNDINAMARCA",-73.51055381,4.65495513
,,,,,0.00351103616,"25","295",GACHANCIPÁ,"1700",43.05740685000,"25295","2020",CUNDINAMARCA,0.29282613105,"605",MGN_MPIO_POLITICO,/Users/jasminevieri/Documents/PhD/GIS_new/MGN2020_MPIO_POLITICO/MGN_MPIO_POLITICO.shp|layerid=0,"GACHANCIPÁ, CUNDINAMARCA",-73.87671759,5.01001953
,,,,,0.02110289913,"25","297",GACHETÁ,"1593",258.86202298000,"25297","2020",CUNDINAMARCA,0.77191901809,"606",MGN_MPIO_POLITICO,/Users/jasminevieri/Documents/PhD/GIS_new/MGN2020_MPIO_POLITICO/MGN_MPIO_POLITICO.shp|layerid=0,"GACHETÁ, CUNDINAMARCA",-73.61773287,4.86755113
,,,,,0.00877698117,"25","299",GAMA,Ordenanza 14 del 12 de Mayo de 1903,107.68679831000,"25299","2020",CUNDINAMARCA,0.44698037736,"607",MGN_MPIO_POLITICO,/Users/jasminevieri/Documents/PhD/GIS_new/MGN2020_MPIO_POLITICO/MGN_MPIO_POLITICO.shp|layerid=0,"GAMA, CUNDINAMARCA",-73.60054441,4.72357346
,,,,,0.00494662184,"25","312",GRANADA,Ordenanza 17 de diciembre 1 de 1995,60.70497778000,"25312","2020",CUNDINAMARCA,0.39041916680,"608",MGN_MPIO_POLITICO,/Users/jasminevieri/Documents/PhD/GIS_new/MGN2020_MPIO_POLITICO/MGN_MPIO_POLITICO.shp|layerid=0,"GRANADA, CUNDINAMARCA",-74.33724619,4.52348488
,,,,,0.01388410226,"25","317",GUACHETÁ,"1700",170.17330358000,"25317","2020",CUNDINAMARCA,0.63231508766,"609",MGN_MPIO_POLITICO,/Users/jasminevieri/Documents/PhD/GIS_new/MGN2020_MPIO_POLITICO/MGN_MPIO_POLITICO.shp|layerid=0,"GUACHETÁ, CUNDINAMARCA",-73.69328234,5.38729154
,,,,,0.02939444260,"25","322",GUASCA,"1700",360.58852085000,"25322","2020",CUNDINAMARCA,0.94332541066,"611",MGN_MPIO_POLITICO,/Users/jasminevieri/Documents/PhD/GIS_new/MGN2020_MPIO_POLITICO/MGN_MPIO_POLITICO.shp|layerid=0,"GUASCA, CUNDINAMARCA",-73.84643485,4.80127683
,,,,,0.02057560590,"25","326",GUATAVITA,"1593",252.36806197000,"25326","2020",CUNDINAMARCA,0.74927076563,"613",MGN_MPIO_POLITICO,/Users/jasminevieri/Documents/PhD/GIS_new/MGN2020_MPIO_POLITICO/MGN_MPIO_POLITICO.shp|layerid=0,"GUATAVITA, CUNDINAMARCA",-73.78648564,4.91158717
,,,,,0.00504419590,"25","328",GUAYABAL DE SÍQUIMA,"1845",61.87344864000,"25328","2020",CUNDINAMARCA,0.44412816183,"614",MGN_MPIO_POLITICO,/Users/jasminevieri/Documents/PhD/GIS_new/MGN2020_MPIO_POLITICO/MGN_MPIO_POLITICO.shp|layerid=0,"GUAYABAL DE SÍQUIMA, CUNDINAMA",-74.48347679,4.87939572
,,,,,0.01814975227,"25","335",GUAYABETAL,Ordenanza 28 de 1980,222.81782658000,"25335","2020",CUNDINAMARCA,0.82854464945,"615",MGN_MPIO_POLITICO,/Users/jasminevieri/Documents/PhD/GIS_new/MGN2020_MPIO_POLITICO/MGN_MPIO_POLITICO.shp|layerid=0,"GUAYABETAL, CUNDINAMARCA",-73.83543981,4.23187595
,,,,,0.03691534108,"25","339",GUTIÉRREZ,"1887",453.22549053000,"25339","2020",CUNDINAMARCA,1.18874087759,"616",MGN_MPIO_POLITICO,/Users/jasminevieri/Documents/PhD/GIS_new/MGN2020_MPIO_POLITICO/MGN_MPIO_POLITICO.shp|layerid=0,"GUTIÉRREZ, CUNDINAMARCA",-74.02465270,4.16608956
,,,,,0.01807803688,"25","368",JERUSALÉN,Ley 18 del 15 de Diciembre de 1879,221.86018197000,"25368","2020",CUNDINAMARCA,0.71530344714,"617",MGN_MPIO_POLITICO,/Users/jasminevieri/Documents/PhD/GIS_new/MGN2020_MPIO_POLITICO/MGN_MPIO_POLITICO.shp|layerid=0,"JERUSALÉN, CUNDINAMARCA",-74.68915854,4.57135025
,,,,,0.02802336459,"25","372",JUNÍN,"1868",343.82555376000,"25372","2020",CUNDINAMARCA,1.05951466662,"618",MGN_MPIO_POLITICO,/Users/jasminevieri/Documents/PhD/GIS_new/MGN2020_MPIO_POLITICO/MGN_MPIO_POLITICO.shp|layerid=0,"JUNÍN, CUNDINAMARCA",-73.69247873,4.70517079
,,,,,0.02661289901,"25","377",LA CALERA,"1772",326.50993553000,"25377","2020",CUNDINAMARCA,1.03281026147,"619",MGN_MPIO_POLITICO,/Users/jasminevieri/Documents/PhD/GIS_new/MGN2020_MPIO_POLITICO/MGN_MPIO_POLITICO.shp|layerid=0,"LA CALERA, CUNDINAMARCA",-73.92939921,4.70078544
,,,,,0.01207792693,"25","386",LA MESA,"1794",148.19873476000,"25386","2020",CUNDINAMARCA,0.60130388883,"620",MGN_MPIO_POLITICO,/Users/jasminevieri/Documents/PhD/GIS_new/MGN2020_MPIO_POLITICO/MGN_MPIO_POLITICO.shp|layerid=0,"LA MESA, CUNDINAMARCA",-74.47321717,4.65077317
,,,,,0.01267416820,"25","402",LA VEGA,"1605",155.43755745000,"25402","2020",CUNDINAMARCA,0.73305111482,"623",MGN_MPIO_POLITICO,/Users/jasminevieri/Documents/PhD/GIS_new/MGN2020_MPIO_POLITICO/MGN_MPIO_POLITICO.shp|layerid=0,"LA VEGA, CUNDINAMARCA",-74.33936061,4.97861984
,,,,,0.01269584983,"25","407",LENGUAZAQUE,"1780",155.63037690000,"25407","2020",CUNDINAMARCA,0.62516554169,"624",MGN_MPIO_POLITICO,/Users/jasminevieri/Documents/PhD/GIS_new/MGN2020_MPIO_POLITICO/MGN_MPIO_POLITICO.shp|layerid=0,"LENGUAZAQUE, CUNDINAMARCA",-73.68153228,5.30363717
,,,,,0.01869016857,"25","426",MACHETÁ,"1765",229.20747739000,"25426","2020",CUNDINAMARCA,0.71403411217,"625",MGN_MPIO_POLITICO,/Users/jasminevieri/Documents/PhD/GIS_new/MGN2020_MPIO_POLITICO/MGN_MPIO_POLITICO.shp|layerid=0,"MACHETÁ, CUNDINAMARCA",-73.61738241,5.04034920
,,,,,0.00974774052,"25","430",MADRID,"1834",119.58191688000,"25430","2020",CUNDINAMARCA,0.71981165476,"626",MGN_MPIO_POLITICO,/Users/jasminevieri/Documents/PhD/GIS_new/MGN2020_MPIO_POLITICO/MGN_MPIO_POLITICO.shp|layerid=0,"MADRID, CUNDINAMARCA",-74.25976855,4.77267744
,,,,,0.00879800246,"25","436",MANTA,"1800",107.90651222000,"25436","2020",CUNDINAMARCA,0.47054260205,"627",MGN_MPIO_POLITICO,/Users/jasminevieri/Documents/PhD/GIS_new/MGN2020_MPIO_POLITICO/MGN_MPIO_POLITICO.shp|layerid=0,"MANTA, CUNDINAMARCA",-73.56313741,4.97688115
,,,,,0.00802200912,"25","486",NEMOCÓN,"1778",98.36503989000,"25486","2020",CUNDINAMARCA,0.55094101072,"630",MGN_MPIO_POLITICO,/Users/jasminevieri/Documents/PhD/GIS_new/MGN2020_MPIO_POLITICO/MGN_MPIO_POLITICO.shp|layerid=0,"NEMOCÓN, CUNDINAMARCA",-73.88380237,5.09370536
,,,,,0.01830585195,"25","488",NILO,"1899",224.73208637000,"25488","2020",CUNDINAMARCA,0.84429926059,"631",MGN_MPIO_POLITICO,/Users/jasminevieri/Documents/PhD/GIS_new/MGN2020_MPIO_POLITICO/MGN_MPIO_POLITICO.shp|layerid=0,"NILO, CUNDINAMARCA",-74.61469500,4.29478093
,,,,,0.00485261682,"25","489",NIMAIMA,Ordenanza 30 de Julio de 1904,59.49982456000,"25489","2020",CUNDINAMARCA,0.49905241968,"632",MGN_MPIO_POLITICO,/Users/jasminevieri/Documents/PhD/GIS_new/MGN2020_MPIO_POLITICO/MGN_MPIO_POLITICO.shp|layerid=0,"NIMAIMA, CUNDINAMARCA",-74.39638094,5.13374830
,,,,,0.00562181387,"25","491",NOCAIMA,"1735",68.93823303000,"25491","2020",CUNDINAMARCA,0.39879919152,"633",MGN_MPIO_POLITICO,/Users/jasminevieri/Documents/PhD/GIS_new/MGN2020_MPIO_POLITICO/MGN_MPIO_POLITICO.shp|layerid=0,"NOCAIMA, CUNDINAMARCA",-74.38975476,5.06611076
,,,,,0.00995182520,"25","506",VENECIA,Decreto 727 Septiembre 5 de 1951,122.20331678000,"25506","2020",CUNDINAMARCA,0.48736827364,"634",MGN_MPIO_POLITICO,/Users/jasminevieri/Documents/PhD/GIS_new/MGN2020_MPIO_POLITICO/MGN_MPIO_POLITICO.shp|layerid=0,"VENECIA, CUNDINAMARCA",-74.45259796,4.06334207
,,,,,0.03283962432,"25","513",PACHO,"1604",402.62677712000,"25513","2020",CUNDINAMARCA,1.20216295281,"635",MGN_MPIO_POLITICO,/Users/jasminevieri/Documents/PhD/GIS_new/MGN2020_MPIO_POLITICO/MGN_MPIO_POLITICO.shp|layerid=0,"PACHO, CUNDINAMARCA",-74.16336544,5.16836763
,,,,,0.01416720870,"25","518",PAIME,"1856",173.63571119000,"25518","2020",CUNDINAMARCA,0.68908473673,"636",MGN_MPIO_POLITICO,/Users/jasminevieri/Documents/PhD/GIS_new/MGN2020_MPIO_POLITICO/MGN_MPIO_POLITICO.shp|layerid=0,"PAIME, CUNDINAMARCA",-74.16395696,5.38764734
,,,,,0.00583962337,"25","524",PANDI,"1773",71.69758309000,"25524","2020",CUNDINAMARCA,0.40608587822,"637",MGN_MPIO_POLITICO,/Users/jasminevieri/Documents/PhD/GIS_new/MGN2020_MPIO_POLITICO/MGN_MPIO_POLITICO.shp|layerid=0,"PANDI, CUNDINAMARCA",-74.47112130,4.18049727
,,,,,0.02213430203,"25","535",PASCA,"1887",271.71161198000,"25535","2020",CUNDINAMARCA,0.71435573071,"639",MGN_MPIO_POLITICO,/Users/jasminevieri/Documents/PhD/GIS_new/MGN2020_MPIO_POLITICO/MGN_MPIO_POLITICO.shp|layerid=0,"PASCA, CUNDINAMARCA",-74.27396924,4.29373361
,,,,,0.01122896891,"25","594",QUETAME,"1900",137.83551298000,"25594","2020",CUNDINAMARCA,0.59466049188,"643",MGN_MPIO_POLITICO,/Users/jasminevieri/Documents/PhD/GIS_new/MGN2020_MPIO_POLITICO/MGN_MPIO_POLITICO.shp|layerid=0,"QUETAME, CUNDINAMARCA",-73.85264561,4.33458904
,,,,,0.01040942574,"25","596",QUIPILE,"1900",127.71713494000,"25596","2020",CUNDINAMARCA,0.61325099715,"644",MGN_MPIO_POLITICO,/Users/jasminevieri/Documents/PhD/GIS_new/MGN2020_MPIO_POLITICO/MGN_MPIO_POLITICO.shp|layerid=0,"QUIPILE, CUNDINAMARCA",-74.55411259,4.71507264
,,,,,0.00976624808,"15","001",TUNJA,"1541",119.68891815000,"15001","2020",BOYACÁ,0.57232686042,"707",MGN_MPIO_POLITICO,/Users/jasminevieri/Documents/PhD/GIS_new/MGN2020_MPIO_POLITICO/MGN_MPIO_POLITICO.shp|layerid=0,"TUNJA, BOYACÁ",-73.37801856,5.51847261
,,,,,0.00470175866,"15","022",ALMEIDA,"1908",57.67211917000,"15022","2020",BOYACÁ,0.34846920448,"708",MGN_MPIO_POLITICO,/Users/jasminevieri/Documents/PhD/GIS_new/MGN2020_MPIO_POLITICO/MGN_MPIO_POLITICO.shp|layerid=0,"ALMEIDA, BOYACÁ",-73.38813424,4.95482508
,,,,,0.07684350364,"15","047",AQUITANIA,"1789",942.14656272000,"15047","2020",BOYACÁ,1.80031146583,"709",MGN_MPIO_POLITICO,/Users/jasminevieri/Documents/PhD/GIS_new/MGN2020_MPIO_POLITICO/MGN_MPIO_POLITICO.shp|layerid=0,"AQUITANIA, BOYACÁ",-72.87149471,5.43741637
,,,,,0.01125673776,"15","051",ARCABUCO,"1856",137.89858803000,"15051","2020",BOYACÁ,0.75270897205,"710",MGN_MPIO_POLITICO,/Users/jasminevieri/Documents/PhD/GIS_new/MGN2020_MPIO_POLITICO/MGN_MPIO_POLITICO.shp|layerid=0,"ARCABUCO, BOYACÁ",-73.43887967,5.74956529
,,,,,0.01331492023,"15","087",BELÉN,"1756",163.08822003000,"15087","2020",BOYACÁ,0.62934888224,"711",MGN_MPIO_POLITICO,/Users/jasminevieri/Documents/PhD/GIS_new/MGN2020_MPIO_POLITICO/MGN_MPIO_POLITICO.shp|layerid=0,"BELÉN, BOYACÁ",-72.89369887,6.00505926
,,,,,0.00473084990,"15","090",BERBEO,Ordenanza 28 de Abril 9 de 1913,58.01301631000,"15090","2020",BOYACÁ,0.42917425883,"712",MGN_MPIO_POLITICO,/Users/jasminevieri/Documents/PhD/GIS_new/MGN2020_MPIO_POLITICO/MGN_MPIO_POLITICO.shp|layerid=0,"BERBEO, BOYACÁ",-73.10117398,5.23205845
,,,,,0.00831780959,"15","092",BETÉITIVA,"1754",101.89954848000,"15092","2020",BOYACÁ,0.47381843715,"713",MGN_MPIO_POLITICO,/Users/jasminevieri/Documents/PhD/GIS_new/MGN2020_MPIO_POLITICO/MGN_MPIO_POLITICO.shp|layerid=0,"BETÉITIVA, BOYACÁ",-72.84857876,5.92085893
,,,,,0.00391802185,"15","104",BOYACÁ,"1537",48.02286793000,"15104","2020",BOYACÁ,0.32561395163,"715",MGN_MPIO_POLITICO,/Users/jasminevieri/Documents/PhD/GIS_new/MGN2020_MPIO_POLITICO/MGN_MPIO_POLITICO.shp|layerid=0,"BOYACÁ, BOYACÁ",-73.38136994,5.43985622
,,,,,0.00527325522,"15","106",BRICEÑO,Ordenanza 14 del 25 de Julio de 1890,64.59970295000,"15106","2020",BOYACÁ,0.48497525232,"716",MGN_MPIO_POLITICO,/Users/jasminevieri/Documents/PhD/GIS_new/MGN2020_MPIO_POLITICO/MGN_MPIO_POLITICO.shp|layerid=0,"BRICEÑO, BOYACÁ",-73.90932682,5.67550998
,,,,,0.00898931763,"15","109",BUENAVISTA,"1822",110.15675651000,"15109","2020",BOYACÁ,0.46778112813,"717",MGN_MPIO_POLITICO,/Users/jasminevieri/Documents/PhD/GIS_new/MGN2020_MPIO_POLITICO/MGN_MPIO_POLITICO.shp|layerid=0,"BUENAVISTA, BOYACÁ",-73.95066255,5.48939942
,,,,,0.00206924119,"15","114",BUSBANZÁ,"1851",25.35271463000,"15114","2020",BOYACÁ,0.20449797569,"718",MGN_MPIO_POLITICO,/Users/jasminevieri/Documents/PhD/GIS_new/MGN2020_MPIO_POLITICO/MGN_MPIO_POLITICO.shp|layerid=0,"BUSBANZÁ, BOYACÁ",-72.87574623,5.84348373
,,,,,0.00644484301,"15","131",CALDAS,"1837",78.96557418000,"15131","2020",BOYACÁ,0.40217511888,"719",MGN_MPIO_POLITICO,/Users/jasminevieri/Documents/PhD/GIS_new/MGN2020_MPIO_POLITICO/MGN_MPIO_POLITICO.shp|layerid=0,"CALDAS, BOYACÁ",-73.88057508,5.57599067
,,,,,0.02435297630,"15","135",CAMPOHERMOSO,"1823",298.72837929000,"15135","2020",BOYACÁ,0.89614570443,"720",MGN_MPIO_POLITICO,/Users/jasminevieri/Documents/PhD/GIS_new/MGN2020_MPIO_POLITICO/MGN_MPIO_POLITICO.shp|layerid=0,"CAMPOHERMOSO, BOYACÁ",-73.14467030,5.00686254
,,,,,0.00519056965,"15","162",CERINZA,"1782",63.57858191000,"15162","2020",BOYACÁ,0.33400114682,"721",MGN_MPIO_POLITICO,/Users/jasminevieri/Documents/PhD/GIS_new/MGN2020_MPIO_POLITICO/MGN_MPIO_POLITICO.shp|layerid=0,"CERINZA, BOYACÁ",-72.96447288,5.96201370
,,,,,0.01112187569,"15","172",CHINAVITA,"1826",136.37345653000,"15172","2020",BOYACÁ,0.52659639791,"722",MGN_MPIO_POLITICO,/Users/jasminevieri/Documents/PhD/GIS_new/MGN2020_MPIO_POLITICO/MGN_MPIO_POLITICO.shp|layerid=0,"CHINAVITA, BOYACÁ",-73.34048074,5.20297164
,,,,,0.01346862079,"15","176",CHIQUINQUIRÁ,"1776",165.01366942000,"15176","2020",BOYACÁ,0.86412783620,"723",MGN_MPIO_POLITICO,/Users/jasminevieri/Documents/PhD/GIS_new/MGN2020_MPIO_POLITICO/MGN_MPIO_POLITICO.shp|layerid=0,"CHIQUINQUIRÁ, BOYACÁ",-73.80424531,5.62248802
,,,,,0.01294652449,"15","185",CHITARAQUE,"1621",158.53472168000,"15185","2020",BOYACÁ,0.57927717254,"725",MGN_MPIO_POLITICO,/Users/jasminevieri/Documents/PhD/GIS_new/MGN2020_MPIO_POLITICO/MGN_MPIO_POLITICO.shp|layerid=0,"CHITARAQUE, BOYACÁ",-73.42582375,5.98439463
,,,,,0.00404177656,"15","187",CHIVATÁ,Ordenanza 41 de Diciembre 14 de 1978,49.53234015000,"15187","2020",BOYACÁ,0.42526660911,"726",MGN_MPIO_POLITICO,/Users/jasminevieri/Documents/PhD/GIS_new/MGN2020_MPIO_POLITICO/MGN_MPIO_POLITICO.shp|layerid=0,"CHIVATÁ, BOYACÁ",-73.26331583,5.56388109
,,,,,0.00440452711,"15","189",CIÉNEGA,"1817",53.99242241000,"15189","2020",BOYACÁ,0.38530447512,"727",MGN_MPIO_POLITICO,/Users/jasminevieri/Documents/PhD/GIS_new/MGN2020_MPIO_POLITICO/MGN_MPIO_POLITICO.shp|layerid=0,"CIÉNEGA, BOYACÁ",-73.28205772,5.39305963
,,,,,0.01185716539,"15","204",CÓMBITA,"1777",145.27595481000,"15204","2020",BOYACÁ,0.73445007826,"728",MGN_MPIO_POLITICO,/Users/jasminevieri/Documents/PhD/GIS_new/MGN2020_MPIO_POLITICO/MGN_MPIO_POLITICO.shp|layerid=0,"CÓMBITA, BOYACÁ",-73.32928956,5.68764703
,,,,,0.01222921295,"15","212",COPER,"1784",149.86972672000,"15212","2020",BOYACÁ,0.63995401288,"729",MGN_MPIO_POLITICO,/Users/jasminevieri/Documents/PhD/GIS_new/MGN2020_MPIO_POLITICO/MGN_MPIO_POLITICO.shp|layerid=0,"COPER, BOYACÁ",-74.02782956,5.44298345
,,,,,0.00496630549,"15","215",CORRALES,"1789",60.85143191000,"15215","2020",BOYACÁ,0.40989825602,"730",MGN_MPIO_POLITICO,/Users/jasminevieri/Documents/PhD/GIS_new/MGN2020_MPIO_POLITICO/MGN_MPIO_POLITICO.shp|layerid=0,"CORRALES, BOYACÁ",-72.84544845,5.82454582
,,,,,0.04740735534,"15","377",LABRANZAGRANDE,"1754",581.27677009000,"15377","2020",BOYACÁ,1.28569389532,"731",MGN_MPIO_POLITICO,/Users/jasminevieri/Documents/PhD/GIS_new/MGN2020_MPIO_POLITICO/MGN_MPIO_POLITICO.shp|layerid=0,"LABRANZAGRANDE, BOYACÁ",-72.59038460,5.54137813
,,,,,0.00464258392,"15","380",LA CAPILLA,"1793",56.93116930000,"15380","2020",BOYACÁ,0.29477572501,"732",MGN_MPIO_POLITICO,/Users/jasminevieri/Documents/PhD/GIS_new/MGN2020_MPIO_POLITICO/MGN_MPIO_POLITICO.shp|layerid=0,"LA CAPILLA, BOYACÁ",-73.45923708,5.11316710
,,,,,0.00228545738,"15","401",LA VICTORIA,Ordenanza 5 de Diciembre 3 de 1965,28.00521775000,"15401","2020",BOYACÁ,0.28069181489,"733",MGN_MPIO_POLITICO,/Users/jasminevieri/Documents/PhD/GIS_new/MGN2020_MPIO_POLITICO/MGN_MPIO_POLITICO.shp|layerid=0,"LA VICTORIA, BOYACÁ",-74.22873180,5.51672422
,,,,,0.02146354084,"15","542",PESCA,"1754",263.09258436000,"15542","2020",BOYACÁ,0.91541804826,"735",MGN_MPIO_POLITICO,/Users/jasminevieri/Documents/PhD/GIS_new/MGN2020_MPIO_POLITICO/MGN_MPIO_POLITICO.shp|layerid=0,"PESCA, BOYACÁ",-73.07837993,5.49848332
,,,,,0.03792778411,"15","550",PISBA,"1799",464.95074650000,"15550","2020",BOYACÁ,1.01650146352,"736",MGN_MPIO_POLITICO,/Users/jasminevieri/Documents/PhD/GIS_new/MGN2020_MPIO_POLITICO/MGN_MPIO_POLITICO.shp|layerid=0,"PISBA, BOYACÁ",-72.44579043,5.74349379
,,,,,0.01365627172,"15","580",QUÍPAMA,Ordenanza 28 de Diciembre 2 de 1986,167.32685905000,"15580","2020",BOYACÁ,0.83011061215,"738",MGN_MPIO_POLITICO,/Users/jasminevieri/Documents/PhD/GIS_new/MGN2020_MPIO_POLITICO/MGN_MPIO_POLITICO.shp|layerid=0,"QUÍPAMA, BOYACÁ",-74.21793410,5.56154120
,,,,,0.04925863302,"15","755",SOCOTÁ,"1827",603.58638786000,"15755","2020",BOYACÁ,1.19876408693,"739",MGN_MPIO_POLITICO,/Users/jasminevieri/Documents/PhD/GIS_new/MGN2020_MPIO_POLITICO/MGN_MPIO_POLITICO.shp|layerid=0,"SOCOTÁ, BOYACÁ",-72.55912904,5.93492038
,,,,,0.01225578200,"15","757",SOCHA,"1788",150.15200342000,"15757","2020",BOYACÁ,0.57536371285,"740",MGN_MPIO_POLITICO,/Users/jasminevieri/Documents/PhD/GIS_new/MGN2020_MPIO_POLITICO/MGN_MPIO_POLITICO.shp|layerid=0,"SOCHA, BOYACÁ",-72.68239784,5.96049884
,,,,,0.01699654622,"15","759",SOGAMOSO,"1552",208.30587404000,"15759","2020",BOYACÁ,0.71973847216,"741",MGN_MPIO_POLITICO,/Users/jasminevieri/Documents/PhD/GIS_new/MGN2020_MPIO_POLITICO/MGN_MPIO_POLITICO.shp|layerid=0,"SOGAMOSO, BOYACÁ",-72.88630315,5.66795587
,,,,,0.00479349986,"15","761",SOMONDOCO,"1756",58.79505007000,"15761","2020",BOYACÁ,0.37038505900,"742",MGN_MPIO_POLITICO,/Users/jasminevieri/Documents/PhD/GIS_new/MGN2020_MPIO_POLITICO/MGN_MPIO_POLITICO.shp|layerid=0,"SOMONDOCO, BOYACÁ",-73.42878785,4.97097406
,,,,,0.01191479032,"15","842",ÚMBITA,"1780",146.08534980000,"15842","2020",BOYACÁ,0.54902580732,"743",MGN_MPIO_POLITICO,/Users/jasminevieri/Documents/PhD/GIS_new/MGN2020_MPIO_POLITICO/MGN_MPIO_POLITICO.shp|layerid=0,"ÚMBITA, BOYACÁ",-73.46338477,5.21724137
,,,,,0.01305429538,"15","861",VENTAQUEMADA,"1777",160.01150448000,"15861","2020",BOYACÁ,0.66785769683,"744",MGN_MPIO_POLITICO,/Users/jasminevieri/Documents/PhD/GIS_new/MGN2020_MPIO_POLITICO/MGN_MPIO_POLITICO.shp|layerid=0,"VENTAQUEMADA, BOYACÁ",-73.52097942,5.38338548
,,,,,0.00510551855,"15","879",VIRACACHÁ,"1787",62.58114464000,"15879","2020",BOYACÁ,0.34126774594,"745",MGN_MPIO_POLITICO,/Users/jasminevieri/Documents/PhD/GIS_new/MGN2020_MPIO_POLITICO/MGN_MPIO_POLITICO.shp|layerid=0,"VIRACACHÁ, BOYACÁ",-73.26627456,5.44055822
,,,,,0.02051223256,"15","897",ZETAQUIRA,"1765",251.50506514000,"15897","2020",BOYACÁ,0.89810351438,"746",MGN_MPIO_POLITICO,/Users/jasminevieri/Documents/PhD/GIS_new/MGN2020_MPIO_POLITICO/MGN_MPIO_POLITICO.shp|layerid=0,"ZETAQUIRA, BOYACÁ",-73.16763091,5.28563598
,,,,,0.00343766442,"15","224",CUCAITA,Ordenanza 41 de Diciembre 14 de 1978,42.12806645000,"15224","2020",BOYACÁ,0.29195894031,"748",MGN_MPIO_POLITICO,/Users/jasminevieri/Documents/PhD/GIS_new/MGN2020_MPIO_POLITICO/MGN_MPIO_POLITICO.shp|layerid=0,"CUCAITA, BOYACÁ",-73.44598646,5.52710411
,,,,,0.00360067027,"15","226",CUÍTIVA,"1700",44.13326992000,"15226","2020",BOYACÁ,0.30767771920,"749",MGN_MPIO_POLITICO,/Users/jasminevieri/Documents/PhD/GIS_new/MGN2020_MPIO_POLITICO/MGN_MPIO_POLITICO.shp|layerid=0,"CUÍTIVA, BOYACÁ",-72.93953686,5.58775449
,,,,,0.00950923322,"15","232",CHÍQUIZA,Ordenanza 19 de Diciembre 26 de 1982,116.51181270000,"15232","2020",BOYACÁ,0.50790002513,"750",MGN_MPIO_POLITICO,/Users/jasminevieri/Documents/PhD/GIS_new/MGN2020_MPIO_POLITICO/MGN_MPIO_POLITICO.shp|layerid=0,"CHÍQUIZA, BOYACÁ",-73.44562391,5.64307565
,,,,,0.00885899654,"15","236",CHIVOR,Ordenanza 23 de Diciembre 12 de 1990,108.67964080000,"15236","2020",BOYACÁ,0.56687018736,"751",MGN_MPIO_POLITICO,/Users/jasminevieri/Documents/PhD/GIS_new/MGN2020_MPIO_POLITICO/MGN_MPIO_POLITICO.shp|layerid=0,"CHIVOR, BOYACÁ",-73.36142379,4.87118161
,,,,,0.01910466358,"15","238",DUITAMA,"1790",234.02439254000,"15238","2020",BOYACÁ,0.95949153898,"752",MGN_MPIO_POLITICO,/Users/jasminevieri/Documents/PhD/GIS_new/MGN2020_MPIO_POLITICO/MGN_MPIO_POLITICO.shp|layerid=0,"DUITAMA, BOYACÁ",-73.06709484,5.89060251
,,,,,0.00892245613,"15","272",FIRAVITOBA,"1718",109.34059509000,"15272","2020",BOYACÁ,0.50402061414,"755",MGN_MPIO_POLITICO,/Users/jasminevieri/Documents/PhD/GIS_new/MGN2020_MPIO_POLITICO/MGN_MPIO_POLITICO.shp|layerid=0,"FIRAVITOBA, BOYACÁ",-73.01983352,5.67367659
,,,,,0.00719332758,"15","276",FLORESTA,"1818",88.12845643000,"15276","2020",BOYACÁ,0.41479286349,"756",MGN_MPIO_POLITICO,/Users/jasminevieri/Documents/PhD/GIS_new/MGN2020_MPIO_POLITICO/MGN_MPIO_POLITICO.shp|layerid=0,"FLORESTA, BOYACÁ",-72.92499826,5.85899211
,,,,,0.00719727564,"15","293",GACHANTIVÁ,"1794",88.16642732000,"15293","2020",BOYACÁ,0.49765789997,"757",MGN_MPIO_POLITICO,/Users/jasminevieri/Documents/PhD/GIS_new/MGN2020_MPIO_POLITICO/MGN_MPIO_POLITICO.shp|layerid=0,"GACHANTIVÁ, BOYACÁ",-73.54265520,5.74410597
,,,,,0.01009285782,"15","296",GÁMEZA,"1776",123.68161708000,"15296","2020",BOYACÁ,0.63460775801,"758",MGN_MPIO_POLITICO,/Users/jasminevieri/Documents/PhD/GIS_new/MGN2020_MPIO_POLITICO/MGN_MPIO_POLITICO.shp|layerid=0,"GÁMEZA, BOYACÁ",-72.73550244,5.80333134
,,,,,0.01577889065,"15","299",GARAGOA,"1754",193.51249105000,"15299","2020",BOYACÁ,0.61017973072,"759",MGN_MPIO_POLITICO,/Users/jasminevieri/Documents/PhD/GIS_new/MGN2020_MPIO_POLITICO/MGN_MPIO_POLITICO.shp|layerid=0,"GARAGOA, BOYACÁ",-73.31430272,5.08946665
,,,,,0.00294665508,"15","322",GUATEQUE,"1754",36.13928524000,"15322","2020",BOYACÁ,0.28708410323,"761",MGN_MPIO_POLITICO,/Users/jasminevieri/Documents/PhD/GIS_new/MGN2020_MPIO_POLITICO/MGN_MPIO_POLITICO.shp|layerid=0,"GUATEQUE, BOYACÁ",-73.48812352,5.01450831
,,,,,0.00814992567,"15","325",GUAYATÁ,"1820",99.96683864000,"15325","2020",BOYACÁ,0.42803862391,"762",MGN_MPIO_POLITICO,/Users/jasminevieri/Documents/PhD/GIS_new/MGN2020_MPIO_POLITICO/MGN_MPIO_POLITICO.shp|layerid=0,"GUAYATÁ, BOYACÁ",-73.49663372,4.93142434
,,,,,0.00279434588,"15","362",IZA,"1779",34.24778273000,"15362","2020",BOYACÁ,0.27483186855,"763",MGN_MPIO_POLITICO,/Users/jasminevieri/Documents/PhD/GIS_new/MGN2020_MPIO_POLITICO/MGN_MPIO_POLITICO.shp|layerid=0,"IZA, BOYACÁ",-72.96986504,5.61736602
,,,,,0.00481379076,"15","367",JENESANO,"1829",59.00829053000,"15367","2020",BOYACÁ,0.44468524995,"764",MGN_MPIO_POLITICO,/Users/jasminevieri/Documents/PhD/GIS_new/MGN2020_MPIO_POLITICO/MGN_MPIO_POLITICO.shp|layerid=0,"JENESANO, BOYACÁ",-73.37694968,5.37715175
,,,,,0.01033229874,"15","407",VILLA DE LEYVA,"1785",126.58841271000,"15407","2020",BOYACÁ,0.63193363153,"766",MGN_MPIO_POLITICO,/Users/jasminevieri/Documents/PhD/GIS_new/MGN2020_MPIO_POLITICO/MGN_MPIO_POLITICO.shp|layerid=0,"VILLA DE LEYVA, BOYACÁ",-73.51494800,5.66576242
,,,,,0.01630228438,"15","425",MACANAL,"1808",199.96600559000,"15425","2020",BOYACÁ,0.69233476062,"767",MGN_MPIO_POLITICO,/Users/jasminevieri/Documents/PhD/GIS_new/MGN2020_MPIO_POLITICO/MGN_MPIO_POLITICO.shp|layerid=0,"MACANAL, BOYACÁ",-73.29413695,4.98017650
,,,,,0.01311442855,"15","442",MARIPÍ,"1777",160.68478941000,"15442","2020",BOYACÁ,0.71603225087,"768",MGN_MPIO_POLITICO,/Users/jasminevieri/Documents/PhD/GIS_new/MGN2020_MPIO_POLITICO/MGN_MPIO_POLITICO.shp|layerid=0,"MARIPÍ, BOYACÁ",-74.02003127,5.56981063
,,,,,0.02109593027,"15","455",MIRAFLORES,"1777",258.71418080000,"15455","2020",BOYACÁ,0.73517067569,"769",MGN_MPIO_POLITICO,/Users/jasminevieri/Documents/PhD/GIS_new/MGN2020_MPIO_POLITICO/MGN_MPIO_POLITICO.shp|layerid=0,"MIRAFLORES, BOYACÁ",-73.17896722,5.15095330
,,,,,0.02940225505,"15","464",MONGUA,"1799",360.37714728000,"15464","2020",BOYACÁ,0.95336719168,"770",MGN_MPIO_POLITICO,/Users/jasminevieri/Documents/PhD/GIS_new/MGN2020_MPIO_POLITICO/MGN_MPIO_POLITICO.shp|layerid=0,"MONGUA, BOYACÁ",-72.69158157,5.70971246
,,,,,0.00561820701,"15","466",MONGUÍ,"1621",68.85476038000,"15466","2020",BOYACÁ,0.35997002658,"771",MGN_MPIO_POLITICO,/Users/jasminevieri/Documents/PhD/GIS_new/MGN2020_MPIO_POLITICO/MGN_MPIO_POLITICO.shp|layerid=0,"MONGUÍ, BOYACÁ",-72.83298664,5.69735223
,,,,,0.01782249749,"15","469",MONIQUIRÁ,"1790",218.27905548000,"15469","2020",BOYACÁ,0.87490809269,"772",MGN_MPIO_POLITICO,/Users/jasminevieri/Documents/PhD/GIS_new/MGN2020_MPIO_POLITICO/MGN_MPIO_POLITICO.shp|layerid=0,"MONIQUIRÁ, BOYACÁ",-73.55852538,5.86337048
,,,,,0.00490012484,"15","476",MOTAVITA,Ordenanza 41 de Diciembre 14 de 1978,60.04409700000,"15476","2020",BOYACÁ,0.36400591351,"773",MGN_MPIO_POLITICO,/Users/jasminevieri/Documents/PhD/GIS_new/MGN2020_MPIO_POLITICO/MGN_MPIO_POLITICO.shp|layerid=0,"MOTAVITA, BOYACÁ",-73.37734267,5.60619245
,,,,,0.01125190221,"15","480",MUZO,"1558",137.87412732000,"15480","2020",BOYACÁ,0.68907441133,"774",MGN_MPIO_POLITICO,/Users/jasminevieri/Documents/PhD/GIS_new/MGN2020_MPIO_POLITICO/MGN_MPIO_POLITICO.shp|layerid=0,"MUZO, BOYACÁ",-74.11657679,5.52534622
,,,,,0.00452339958,"15","491",NOBSA,"1796",55.42547563000,"15491","2020",BOYACÁ,0.36877065099,"775",MGN_MPIO_POLITICO,/Users/jasminevieri/Documents/PhD/GIS_new/MGN2020_MPIO_POLITICO/MGN_MPIO_POLITICO.shp|layerid=0,"NOBSA, BOYACÁ",-72.93268324,5.77875985
,,,,,0.00419283054,"15","494",NUEVO COLÓN,"1783",51.39679736000,"15494","2020",BOYACÁ,0.35777562849,"776",MGN_MPIO_POLITICO,/Users/jasminevieri/Documents/PhD/GIS_new/MGN2020_MPIO_POLITICO/MGN_MPIO_POLITICO.shp|layerid=0,"NUEVO COLÓN, BOYACÁ",-73.44873424,5.35470148
,,,,,0.00492100543,"15","500",OICATÁ,Ordenanza 41 de Diciembre 14 de 1978,60.30217623000,"15500","2020",BOYACÁ,0.33762486680,"777",MGN_MPIO_POLITICO,/Users/jasminevieri/Documents/PhD/GIS_new/MGN2020_MPIO_POLITICO/MGN_MPIO_POLITICO.shp|layerid=0,"OICATÁ, BOYACÁ",-73.27991905,5.61078784
,,,,,0.03878271022,"15","507",OTANCHE,Ordenanza 40 del 29 de Noviembre de 1960,475.04006737000,"15507","2020",BOYACÁ,1.30904874120,"778",MGN_MPIO_POLITICO,/Users/jasminevieri/Documents/PhD/GIS_new/MGN2020_MPIO_POLITICO/MGN_MPIO_POLITICO.shp|layerid=0,"OTANCHE, BOYACÁ",-74.19719423,5.75378779
,,,,,0.00543856815,"15","511",PACHAVITA,"1796",66.69016938000,"15511","2020",BOYACÁ,0.34926157860,"779",MGN_MPIO_POLITICO,/Users/jasminevieri/Documents/PhD/GIS_new/MGN2020_MPIO_POLITICO/MGN_MPIO_POLITICO.shp|layerid=0,"PACHAVITA, BOYACÁ",-73.39951219,5.14832388
,,,,,0.02764294363,"15","514",PÁEZ,Ordenanza 38 Noviembre. 30 de 1962,339.06908334000,"15514","2020",BOYACÁ,0.96362877503,"780",MGN_MPIO_POLITICO,/Users/jasminevieri/Documents/PhD/GIS_new/MGN2020_MPIO_POLITICO/MGN_MPIO_POLITICO.shp|layerid=0,"PÁEZ, BOYACÁ",-73.00435863,5.09521103
,,,,,0.02490597982,"15","516",PAIPA,"1602",305.10919497000,"15516","2020",BOYACÁ,1.06962213008,"781",MGN_MPIO_POLITICO,/Users/jasminevieri/Documents/PhD/GIS_new/MGN2020_MPIO_POLITICO/MGN_MPIO_POLITICO.shp|layerid=0,"PAIPA, BOYACÁ",-73.13795246,5.82677154
,,,,,0.02557885078,"15","518",PAJARITO,"1853",313.68257433000,"15518","2020",BOYACÁ,0.85503880743,"782",MGN_MPIO_POLITICO,/Users/jasminevieri/Documents/PhD/GIS_new/MGN2020_MPIO_POLITICO/MGN_MPIO_POLITICO.shp|layerid=0,"PAJARITO, BOYACÁ",-72.69672674,5.38232895
,,,,,0.02062261732,"15","531",PAUNA,"1842",252.62872292000,"15531","2020",BOYACÁ,0.93974521910,"784",MGN_MPIO_POLITICO,/Users/jasminevieri/Documents/PhD/GIS_new/MGN2020_MPIO_POLITICO/MGN_MPIO_POLITICO.shp|layerid=0,"PAUNA, BOYACÁ",-74.00504121,5.68880156
,,,,,0.01001695859,"15","537",PAZ DE RÍO,"1683",122.69950912000,"15537","2020",BOYACÁ,0.51816629140,"786",MGN_MPIO_POLITICO,/Users/jasminevieri/Documents/PhD/GIS_new/MGN2020_MPIO_POLITICO/MGN_MPIO_POLITICO.shp|layerid=0,"PAZ DE RÍO, BOYACÁ",-72.76752624,6.02869936
,,,,,0.01025182847,"15","599",RAMIRIQUÍ,"1754",125.68380229000,"15599","2020",BOYACÁ,0.76695689745,"787",MGN_MPIO_POLITICO,/Users/jasminevieri/Documents/PhD/GIS_new/MGN2020_MPIO_POLITICO/MGN_MPIO_POLITICO.shp|layerid=0,"RAMIRIQUÍ, BOYACÁ",-73.31077900,5.31993409
,,,,,0.01800661657,"15","600",RÁQUIRA,"1780",220.66637028000,"15600","2020",BOYACÁ,0.78118007010,"788",MGN_MPIO_POLITICO,/Users/jasminevieri/Documents/PhD/GIS_new/MGN2020_MPIO_POLITICO/MGN_MPIO_POLITICO.shp|layerid=0,"RÁQUIRA, BOYACÁ",-73.62894438,5.49626862
,,,,,0.01683337298,"15","621",RONDÓN,"1904",206.36342967000,"15621","2020",BOYACÁ,0.68110414355,"789",MGN_MPIO_POLITICO,/Users/jasminevieri/Documents/PhD/GIS_new/MGN2020_MPIO_POLITICO/MGN_MPIO_POLITICO.shp|layerid=0,"RONDÓN, BOYACÁ",-73.19650995,5.37994788
,,,,,0.02029771930,"15","632",SABOYÁ,"1784",248.65196199000,"15632","2020",BOYACÁ,0.79225067102,"790",MGN_MPIO_POLITICO,/Users/jasminevieri/Documents/PhD/GIS_new/MGN2020_MPIO_POLITICO/MGN_MPIO_POLITICO.shp|layerid=0,"SABOYÁ, BOYACÁ",-73.74799466,5.69992605
,,,,,0.00521706468,"15","638",SÁCHICA,"1809",63.92725829000,"15638","2020",BOYACÁ,0.38635454945,"791",MGN_MPIO_POLITICO,/Users/jasminevieri/Documents/PhD/GIS_new/MGN2020_MPIO_POLITICO/MGN_MPIO_POLITICO.shp|layerid=0,"SÁCHICA, BOYACÁ",-73.54310200,5.57346488
,,,,,0.01367419537,"15","646",SAMACÁ,"1556",167.58623680000,"15646","2020",BOYACÁ,0.66334884505,"792",MGN_MPIO_POLITICO,/Users/jasminevieri/Documents/PhD/GIS_new/MGN2020_MPIO_POLITICO/MGN_MPIO_POLITICO.shp|layerid=0,"SAMACÁ, BOYACÁ",-73.52117560,5.47053997
,,,,,0.00892678700,"15","660",SAN EDUARDO,Ordenanza 13 de  Diciembre de 1965,109.46960177000,"15660","2020",BOYACÁ,0.43447102839,"793",MGN_MPIO_POLITICO,/Users/jasminevieri/Documents/PhD/GIS_new/MGN2020_MPIO_POLITICO/MGN_MPIO_POLITICO.shp|layerid=0,"SAN EDUARDO, BOYACÁ",-73.04914067,5.23461469
,,,,,0.00607642810,"15","664",SAN JOSÉ DE PARE,"1776",74.40355031000,"15664","2020",BOYACÁ,0.36271223128,"794",MGN_MPIO_POLITICO,/Users/jasminevieri/Documents/PhD/GIS_new/MGN2020_MPIO_POLITICO/MGN_MPIO_POLITICO.shp|layerid=0,"SAN JOSÉ DE PARE, BOYACÁ",-73.54386522,5.99415409
,,,,,0.00767101535,"15","676",SAN MIGUEL DE SEMA,Ordenanza 24 de Diciembre 9 de 1959,93.99806905000,"15676","2020",BOYACÁ,0.46496781785,"797",MGN_MPIO_POLITICO,/Users/jasminevieri/Documents/PhD/GIS_new/MGN2020_MPIO_POLITICO/MGN_MPIO_POLITICO.shp|layerid=0,"SAN MIGUEL DE SEMA, BOYACÁ",-73.74715898,5.53232692
,,,,,0.01599179500,"15","681",SAN PABLO DE BORBUR,Ordenanza 24 de Diciembre 9 de 1959,195.90435681000,"15681","2020",BOYACÁ,0.64219207762,"798",MGN_MPIO_POLITICO,/Users/jasminevieri/Documents/PhD/GIS_new/MGN2020_MPIO_POLITICO/MGN_MPIO_POLITICO.shp|layerid=0,"SAN PABLO DE BORBUR, BOYACÁ",-74.11403749,5.67734507
,,,,,0.00555103539,"15","686",SANTANA,"1780",67.96382350000,"15686","2020",BOYACÁ,0.32047234928,"799",MGN_MPIO_POLITICO,/Users/jasminevieri/Documents/PhD/GIS_new/MGN2020_MPIO_POLITICO/MGN_MPIO_POLITICO.shp|layerid=0,"SANTANA, BOYACÁ",-73.48974828,6.05761497
,,,,,0.02523882157,"15","690",SANTA MARÍA,Ordenanza 28 de Diciembre 1 de 1961,309.65967352000,"15690","2020",BOYACÁ,1.04996294444,"800",MGN_MPIO_POLITICO,/Users/jasminevieri/Documents/PhD/GIS_new/MGN2020_MPIO_POLITICO/MGN_MPIO_POLITICO.shp|layerid=0,"SANTA MARÍA, BOYACÁ",-73.25377506,4.82300256
,,,,,0.00952692585,"15","693",SANTA ROSA DE VITERBO,"1754",116.70609242000,"15693","2020",BOYACÁ,0.72684024716,"801",MGN_MPIO_POLITICO,/Users/jasminevieri/Documents/PhD/GIS_new/MGN2020_MPIO_POLITICO/MGN_MPIO_POLITICO.shp|layerid=0,"SANTA ROSA DE VITERBO, BOYACÁ",-72.99172780,5.89295030
,,,,,0.00633165593,"15","696",SANTA SOFÍA,"1899",77.56281644000,"15696","2020",BOYACÁ,0.42103018716,"802",MGN_MPIO_POLITICO,/Users/jasminevieri/Documents/PhD/GIS_new/MGN2020_MPIO_POLITICO/MGN_MPIO_POLITICO.shp|layerid=0,"SANTA SOFÍA, BOYACÁ",-73.60366287,5.73160272
,,,,,0.01317112381,"15","720",SATIVANORTE,"1754",161.31016461000,"15720","2020",BOYACÁ,0.70326797538,"803",MGN_MPIO_POLITICO,/Users/jasminevieri/Documents/PhD/GIS_new/MGN2020_MPIO_POLITICO/MGN_MPIO_POLITICO.shp|layerid=0,"SATIVANORTE, BOYACÁ",-72.73032415,6.13211793
,,,,,0.00448083153,"15","723",SATIVASUR,"1878",54.88468108000,"15723","2020",BOYACÁ,0.45534695356,"804",MGN_MPIO_POLITICO,/Users/jasminevieri/Documents/PhD/GIS_new/MGN2020_MPIO_POLITICO/MGN_MPIO_POLITICO.shp|layerid=0,"SATIVASUR, BOYACÁ",-72.71538190,6.07066237
,,,,,0.00972716856,"15","740",SIACHOQUE,Decreto 2871 de 1982,119.22296697000,"15740","2020",BOYACÁ,0.48335501248,"805",MGN_MPIO_POLITICO,/Users/jasminevieri/Documents/PhD/GIS_new/MGN2020_MPIO_POLITICO/MGN_MPIO_POLITICO.shp|layerid=0,"SIACHOQUE, BOYACÁ",-73.21681778,5.49874770
,,,,,0.00390451106,"15","762",SORA,Ordenanza 41 de Diciembre 14 de 1978,47.84502378000,"15762","2020",BOYACÁ,0.29986675094,"807",MGN_MPIO_POLITICO,/Users/jasminevieri/Documents/PhD/GIS_new/MGN2020_MPIO_POLITICO/MGN_MPIO_POLITICO.shp|layerid=0,"SORA, BOYACÁ",-73.44371838,5.58057319
,,,,,0.02328818667,"15","763",SOTAQUIRÁ,"1794",285.29380791000,"15763","2020",BOYACÁ,0.93209114806,"808",MGN_MPIO_POLITICO,/Users/jasminevieri/Documents/PhD/GIS_new/MGN2020_MPIO_POLITICO/MGN_MPIO_POLITICO.shp|layerid=0,"SOTAQUIRÁ, BOYACÁ",-73.25301142,5.78527544
,,,,,0.00454936726,"15","764",SORACÁ,Ordenanza 41 de Diciembre 14 de 1978,55.75775305000,"15764","2020",BOYACÁ,0.35103251359,"809",MGN_MPIO_POLITICO,/Users/jasminevieri/Documents/PhD/GIS_new/MGN2020_MPIO_POLITICO/MGN_MPIO_POLITICO.shp|layerid=0,"SORACÁ, BOYACÁ",-73.31899997,5.49489046
,,,,,0.00844815510,"15","776",SUTAMARCHÁN,"1556",103.50533623000,"15776","2020",BOYACÁ,0.47189561606,"811",MGN_MPIO_POLITICO,/Users/jasminevieri/Documents/PhD/GIS_new/MGN2020_MPIO_POLITICO/MGN_MPIO_POLITICO.shp|layerid=0,"SUTAMARCHÁN, BOYACÁ",-73.62598773,5.64003076
,,,,,0.00335332727,"15","778",SUTATENZA,"1754",41.12701065000,"15778","2020",BOYACÁ,0.30770665286,"812",MGN_MPIO_POLITICO,/Users/jasminevieri/Documents/PhD/GIS_new/MGN2020_MPIO_POLITICO/MGN_MPIO_POLITICO.shp|layerid=0,"SUTATENZA, BOYACÁ",-73.43351066,5.02685716
,,,,,0.01711433598,"15","790",TASCO,"1778",209.69811173000,"15790","2020",BOYACÁ,0.81053579857,"813",MGN_MPIO_POLITICO,/Users/jasminevieri/Documents/PhD/GIS_new/MGN2020_MPIO_POLITICO/MGN_MPIO_POLITICO.shp|layerid=0,"TASCO, BOYACÁ",-72.72626817,5.88229431
,,,,,0.00373980615,"15","798",TENZA,"1754",45.86408254000,"15798","2020",BOYACÁ,0.32858508778,"814",MGN_MPIO_POLITICO,/Users/jasminevieri/Documents/PhD/GIS_new/MGN2020_MPIO_POLITICO/MGN_MPIO_POLITICO.shp|layerid=0,"TENZA, BOYACÁ",-73.42479699,5.07141314
,,,,,0.00993775643,"15","804",TIBANÁ,"1777",121.83265484000,"15804","2020",BOYACÁ,0.56083332724,"815",MGN_MPIO_POLITICO,/Users/jasminevieri/Documents/PhD/GIS_new/MGN2020_MPIO_POLITICO/MGN_MPIO_POLITICO.shp|layerid=0,"TIBANÁ, BOYACÁ",-73.39325209,5.30111665
,,,,,0.00765169305,"15","806",TIBASOSA,"1708",93.75675416000,"15806","2020",BOYACÁ,0.51061189754,"816",MGN_MPIO_POLITICO,/Users/jasminevieri/Documents/PhD/GIS_new/MGN2020_MPIO_POLITICO/MGN_MPIO_POLITICO.shp|layerid=0,"TIBASOSA, BOYACÁ",-73.01114724,5.74732939
,,,,,0.00650875350,"15","808",TINJACÁ,"1660",79.75140180000,"15808","2020",BOYACÁ,0.39450635930,"817",MGN_MPIO_POLITICO,/Users/jasminevieri/Documents/PhD/GIS_new/MGN2020_MPIO_POLITICO/MGN_MPIO_POLITICO.shp|layerid=0,"TINJACÁ, BOYACÁ",-73.67614572,5.57756650
,,,,,0.01372876887,"15","814",TOCA,"1767",168.25186277000,"15814","2020",BOYACÁ,0.54231432527,"819",MGN_MPIO_POLITICO,/Users/jasminevieri/Documents/PhD/GIS_new/MGN2020_MPIO_POLITICO/MGN_MPIO_POLITICO.shp|layerid=0,"TOCA, BOYACÁ",-73.16069690,5.58025429
,,,,,0.00828349448,"15","816",TOGÜÍ,"1857",101.44312446000,"15816","2020",BOYACÁ,0.47713297685,"820",MGN_MPIO_POLITICO,/Users/jasminevieri/Documents/PhD/GIS_new/MGN2020_MPIO_POLITICO/MGN_MPIO_POLITICO.shp|layerid=0,"TOGÜÍ, BOYACÁ",-73.48921806,5.92183006
,,,,,0.00274432890,"15","820",TÓPAGA,"1794",33.62952821000,"15820","2020",BOYACÁ,0.27128115287,"821",MGN_MPIO_POLITICO,/Users/jasminevieri/Documents/PhD/GIS_new/MGN2020_MPIO_POLITICO/MGN_MPIO_POLITICO.shp|layerid=0,"TÓPAGA, BOYACÁ",-72.83672958,5.76535030
,,,,,0.01599278521,"15","822",TOTA,"1796",196.04606101000,"15822","2020",BOYACÁ,0.71682846223,"822",MGN_MPIO_POLITICO,/Users/jasminevieri/Documents/PhD/GIS_new/MGN2020_MPIO_POLITICO/MGN_MPIO_POLITICO.shp|layerid=0,"TOTA, BOYACÁ",-73.00534460,5.48919491
,,,,,0.00238551533,"15","832",TUNUNGUÁ,Ordenanza 37 Noviembre 30 de 1962,29.22130806000,"15832","2020",BOYACÁ,0.25130261578,"823",MGN_MPIO_POLITICO,/Users/jasminevieri/Documents/PhD/GIS_new/MGN2020_MPIO_POLITICO/MGN_MPIO_POLITICO.shp|layerid=0,"TUNUNGUÁ, BOYACÁ",-73.94330926,5.72030152
,,,,,0.00650191583,"15","835",TURMEQUÉ,"1537",79.70660437000,"15835","2020",BOYACÁ,0.38832112456,"824",MGN_MPIO_POLITICO,/Users/jasminevieri/Documents/PhD/GIS_new/MGN2020_MPIO_POLITICO/MGN_MPIO_POLITICO.shp|layerid=0,"TURMEQUÉ, BOYACÁ",-73.50908714,5.30569742
,,,,,0.01349262414,"15","837",TUTA,"1725",165.33038307000,"15837","2020",BOYACÁ,0.70599507942,"825",MGN_MPIO_POLITICO,/Users/jasminevieri/Documents/PhD/GIS_new/MGN2020_MPIO_POLITICO/MGN_MPIO_POLITICO.shp|layerid=0,"TUTA, BOYACÁ",-73.18298211,5.67212729
,,,,,0.00996219908,"15","839",TUTAZÁ,"1849",122.00950202000,"15839","2020",BOYACÁ,0.50362683786,"826",MGN_MPIO_POLITICO,/Users/jasminevieri/Documents/PhD/GIS_new/MGN2020_MPIO_POLITICO/MGN_MPIO_POLITICO.shp|layerid=0,"TUTAZÁ, BOYACÁ",-72.85707832,6.07805190
,,,,,0.09426999260,"50","223",CUBARRAL,Ordenanza 23 de Noviembre 28 de 1960,1157.86524620000,"50223","2020",META,2.07509146959,"844",MGN_MPIO_POLITICO,/Users/jasminevieri/Documents/PhD/GIS_new/MGN2020_MPIO_POLITICO/MGN_MPIO_POLITICO.shp|layerid=0,"CUBARRAL, META",-74.07529744,3.82824190
,,,,,0.02263557277,"50","245",EL CALVARIO,Decreto 2543 de 1955,277.85164762000,"50245","2020",META,0.80509296459,"846",MGN_MPIO_POLITICO,/Users/jasminevieri/Documents/PhD/GIS_new/MGN2020_MPIO_POLITICO/MGN_MPIO_POLITICO.shp|layerid=0,"EL CALVARIO, META",-73.71441684,4.35376989
,,,,,0.04850712790,"50","318",GUAMAL,"1955",595.70391831000,"50318","2020",META,1.44218642107,"851",MGN_MPIO_POLITICO,/Users/jasminevieri/Documents/PhD/GIS_new/MGN2020_MPIO_POLITICO/MGN_MPIO_POLITICO.shp|layerid=0,"GUAMAL, META",-73.95983864,3.94777558
,,,,,0.01933885839,"50","686",SAN JUANITO,Ordenanza 32 de 1981,237.35085216000,"50686","2020",META,0.66128022059,"862",MGN_MPIO_POLITICO,/Users/jasminevieri/Documents/PhD/GIS_new/MGN2020_MPIO_POLITICO/MGN_MPIO_POLITICO.shp|layerid=0,"SAN JUANITO, META",-73.66041355,4.47134632
,,,,,0.12897817495,"41","206",COLOMBIA,"1886",1584.96991787000,"41206","2020",HUILA,2.34452405705,"897",MGN_MPIO_POLITICO,/Users/jasminevieri/Documents/PhD/GIS_new/MGN2020_MPIO_POLITICO/MGN_MPIO_POLITICO.shp|layerid=0,"COLOMBIA, HUILA",-74.67829259,3.45198800
,,,,,0.00614609334,"68","013",AGUADA,"1775",75.23124792000,"68013","2020",SANTANDER,0.47580974869,"905",MGN_MPIO_POLITICO,/Users/jasminevieri/Documents/PhD/GIS_new/MGN2020_MPIO_POLITICO/MGN_MPIO_POLITICO.shp|layerid=0,"AGUADA, SANTANDER",-73.53038541,6.18220848
,,,,,0.01357046610,"68","020",ALBANIA,Ordenanza 33 de 1919,166.21696603000,"68020","2020",SANTANDER,0.87612992622,"906",MGN_MPIO_POLITICO,/Users/jasminevieri/Documents/PhD/GIS_new/MGN2020_MPIO_POLITICO/MGN_MPIO_POLITICO.shp|layerid=0,"ALBANIA, SANTANDER",-73.82845974,5.77807339
,,,,,0.00381088245,"68","077",BARBOSA,Ordenanza 30 del 25 de Abril de 1936,46.66488698000,"68077","2020",SANTANDER,0.27034153422,"908",MGN_MPIO_POLITICO,/Users/jasminevieri/Documents/PhD/GIS_new/MGN2020_MPIO_POLITICO/MGN_MPIO_POLITICO.shp|layerid=0,"BARBOSA, SANTANDER",-73.62345229,5.95561733
,,,,,0.03424467136,"68","167",CHARALÁ,"1877",419.23135063000,"68167","2020",SANTANDER,1.68279564596,"918",MGN_MPIO_POLITICO,/Users/jasminevieri/Documents/PhD/GIS_new/MGN2020_MPIO_POLITICO/MGN_MPIO_POLITICO.shp|layerid=0,"CHARALÁ, SANTANDER",-73.15401065,6.19555195
,,,,,0.01415573967,"68","176",CHIMA,"1707",173.21902206000,"68176","2020",SANTANDER,0.63111573809,"920",MGN_MPIO_POLITICO,/Users/jasminevieri/Documents/PhD/GIS_new/MGN2020_MPIO_POLITICO/MGN_MPIO_POLITICO.shp|layerid=0,"CHIMA, SANTANDER",-73.41476121,6.37267718
,,,,,0.00775458102,"68","179",CHIPATÁ,"1810",94.93681903000,"68179","2020",SANTANDER,0.46560056846,"921",MGN_MPIO_POLITICO,/Users/jasminevieri/Documents/PhD/GIS_new/MGN2020_MPIO_POLITICO/MGN_MPIO_POLITICO.shp|layerid=0,"CHIPATÁ, SANTANDER",-73.63239132,6.06794466
,,,,,0.00482858241,"68","673",SAN BENITO,"1899",59.11302218000,"68673","2020",SANTANDER,0.41215819117,"928",MGN_MPIO_POLITICO,/Users/jasminevieri/Documents/PhD/GIS_new/MGN2020_MPIO_POLITICO/MGN_MPIO_POLITICO.shp|layerid=0,"SAN BENITO, SANTANDER",-73.52749050,6.10168120
,,,,,0.00993966333,"25","599",APULO,Decreto 1336 de Diciembre 24 de 1949.  El Decreto 3490 de Oc,121.98690331000,"25599","2020",CUNDINAMARCA,0.71525477611,"934",MGN_MPIO_POLITICO,/Users/jasminevieri/Documents/PhD/GIS_new/MGN2020_MPIO_POLITICO/MGN_MPIO_POLITICO.shp|layerid=0,"APULO, CUNDINAMARCA",-74.57842061,4.52036257
,,,,,0.00721762173,"25","645",SAN ANTONIO DEL TEQUENDAMA,"1873",88.56564868000,"25645","2020",CUNDINAMARCA,0.37807197709,"936",MGN_MPIO_POLITICO,/Users/jasminevieri/Documents/PhD/GIS_new/MGN2020_MPIO_POLITICO/MGN_MPIO_POLITICO.shp|layerid=0,"SAN ANTONIO DEL TEQUENDAMA, CU",-74.34490342,4.59974136
,,,,,0.02011816131,"25","649",SAN BERNARDO,Ordenanza 66 del 30 de Abril de 1920,247.01261762000,"25649","2020",CUNDINAMARCA,0.88263980314,"937",MGN_MPIO_POLITICO,/Users/jasminevieri/Documents/PhD/GIS_new/MGN2020_MPIO_POLITICO/MGN_MPIO_POLITICO.shp|layerid=0,"SAN BERNARDO, CUNDINAMARCA",-74.35397692,4.14095846
,,,,,0.02348001762,"25","653",SAN CAYETANO,"1782",287.80794531000,"25653","2020",CUNDINAMARCA,0.82809923324,"938",MGN_MPIO_POLITICO,/Users/jasminevieri/Documents/PhD/GIS_new/MGN2020_MPIO_POLITICO/MGN_MPIO_POLITICO.shp|layerid=0,"SAN CAYETANO, CUNDINAMARCA",-74.07232077,5.31460042
,,,,,0.00968226902,"25","658",SAN FRANCISCO,"1857",118.74598286000,"25658","2020",CUNDINAMARCA,0.59862570844,"939",MGN_MPIO_POLITICO,/Users/jasminevieri/Documents/PhD/GIS_new/MGN2020_MPIO_POLITICO/MGN_MPIO_POLITICO.shp|layerid=0,"SAN FRANCISCO, CUNDINAMARCA",-74.27217129,4.96410070
,,,,,0.00910040790,"25","718",SASAIMA,"1799",111.61525364000,"25718","2020",CUNDINAMARCA,0.59240642204,"940",MGN_MPIO_POLITICO,/Users/jasminevieri/Documents/PhD/GIS_new/MGN2020_MPIO_POLITICO/MGN_MPIO_POLITICO.shp|layerid=0,"SASAIMA, CUNDINAMARCA",-74.41230921,4.94680526
,,,,,0.01150943881,"25","736",SESQUILÉ,"1899",141.14774932000,"25736","2020",CUNDINAMARCA,0.63858099357,"941",MGN_MPIO_POLITICO,/Users/jasminevieri/Documents/PhD/GIS_new/MGN2020_MPIO_POLITICO/MGN_MPIO_POLITICO.shp|layerid=0,"SESQUILÉ, CUNDINAMARCA",-73.78095546,5.00877167
,,,,,0.01324598962,"25","743",SILVANIA,Ordenanza 40 de 1948,162.57452807000,"25743","2020",CUNDINAMARCA,0.57028411684,"942",MGN_MPIO_POLITICO,/Users/jasminevieri/Documents/PhD/GIS_new/MGN2020_MPIO_POLITICO/MGN_MPIO_POLITICO.shp|layerid=0,"SILVANIA, CUNDINAMARCA",-74.37050903,4.43696714
,,,,,0.00789262180,"25","745",SIMIJACA,"1600",96.71554550000,"25745","2020",CUNDINAMARCA,0.48228545397,"943",MGN_MPIO_POLITICO,/Users/jasminevieri/Documents/PhD/GIS_new/MGN2020_MPIO_POLITICO/MGN_MPIO_POLITICO.shp|layerid=0,"SIMIJACA, CUNDINAMARCA",-73.84519164,5.50977313
,,,,,0.00905630486,"25","758",SOPÓ,"1653",111.08048922000,"25758","2020",CUNDINAMARCA,0.59825817435,"944",MGN_MPIO_POLITICO,/Users/jasminevieri/Documents/PhD/GIS_new/MGN2020_MPIO_POLITICO/MGN_MPIO_POLITICO.shp|layerid=0,"SOPÓ, CUNDINAMARCA",-73.96587528,4.88806011
,,,,,0.01705940783,"25","769",SUBACHOQUE,"1772",209.21729148000,"25769","2020",CUNDINAMARCA,0.73299569784,"945",MGN_MPIO_POLITICO,/Users/jasminevieri/Documents/PhD/GIS_new/MGN2020_MPIO_POLITICO/MGN_MPIO_POLITICO.shp|layerid=0,"SUBACHOQUE, CUNDINAMARCA",-74.15689923,4.97035803
,,,,,0.01411506994,"25","772",SUESCA,"1799",173.06898620000,"25772","2020",CUNDINAMARCA,0.90881980565,"946",MGN_MPIO_POLITICO,/Users/jasminevieri/Documents/PhD/GIS_new/MGN2020_MPIO_POLITICO/MGN_MPIO_POLITICO.shp|layerid=0,"SUESCA, CUNDINAMARCA",-73.78266681,5.13608025
,,,,,0.01063325707,"25","777",SUPATÁ,"1872",130.38967354000,"25777","2020",CUNDINAMARCA,0.49231099377,"947",MGN_MPIO_POLITICO,/Users/jasminevieri/Documents/PhD/GIS_new/MGN2020_MPIO_POLITICO/MGN_MPIO_POLITICO.shp|layerid=0,"SUPATÁ, CUNDINAMARCA",-74.23138328,5.06169270
,,,,,0.00849870535,"25","779",SUSA,"1610",104.15457146000,"25779","2020",CUNDINAMARCA,0.53425804265,"948",MGN_MPIO_POLITICO,/Users/jasminevieri/Documents/PhD/GIS_new/MGN2020_MPIO_POLITICO/MGN_MPIO_POLITICO.shp|layerid=0,"SUSA, CUNDINAMARCA",-73.82392529,5.44009236
,,,,,0.00528997922,"25","781",SUTATAUSA,"1799",64.85053814000,"25781","2020",CUNDINAMARCA,0.37806067436,"949",MGN_MPIO_POLITICO,/Users/jasminevieri/Documents/PhD/GIS_new/MGN2020_MPIO_POLITICO/MGN_MPIO_POLITICO.shp|layerid=0,"SUTATAUSA, CUNDINAMARCA",-73.85540343,5.24290935
,,,,,0.00613145743,"25","785",TABIO,"1761",75.19839528000,"25785","2020",CUNDINAMARCA,0.42897060847,"950",MGN_MPIO_POLITICO,/Users/jasminevieri/Documents/PhD/GIS_new/MGN2020_MPIO_POLITICO/MGN_MPIO_POLITICO.shp|layerid=0,"TABIO, CUNDINAMARCA",-74.08449648,4.95152005
,,,,,0.01646552943,"25","793",TAUSA,"1942",201.86641634000,"25793","2020",CUNDINAMARCA,0.97322465461,"951",MGN_MPIO_POLITICO,/Users/jasminevieri/Documents/PhD/GIS_new/MGN2020_MPIO_POLITICO/MGN_MPIO_POLITICO.shp|layerid=0,"TAUSA, CUNDINAMARCA",-73.95631705,5.19399766
,,,,,0.00419212942,"25","797",TENA,"1900",51.43734552000,"25797","2020",CUNDINAMARCA,0.39573760011,"952",MGN_MPIO_POLITICO,/Users/jasminevieri/Documents/PhD/GIS_new/MGN2020_MPIO_POLITICO/MGN_MPIO_POLITICO.shp|layerid=0,"TENA, CUNDINAMARCA",-74.39182535,4.65159860
,,,,,0.00931293028,"25","799",TENJO,"1749",114.23607382000,"25799","2020",CUNDINAMARCA,0.56580725324,"953",MGN_MPIO_POLITICO,/Users/jasminevieri/Documents/PhD/GIS_new/MGN2020_MPIO_POLITICO/MGN_MPIO_POLITICO.shp|layerid=0,"TENJO, CUNDINAMARCA",-74.14680287,4.83854860
,,,,,0.00690410152,"25","805",TIBACUY,"1592",84.75227305000,"25805","2020",CUNDINAMARCA,0.43337113405,"954",MGN_MPIO_POLITICO,/Users/jasminevieri/Documents/PhD/GIS_new/MGN2020_MPIO_POLITICO/MGN_MPIO_POLITICO.shp|layerid=0,"TIBACUY, CUNDINAMARCA",-74.48667274,4.32135790
,,,,,0.00461117528,"25","807",TIBIRITA,"1799",56.54739447000,"25807","2020",CUNDINAMARCA,0.33080777388,"955",MGN_MPIO_POLITICO,/Users/jasminevieri/Documents/PhD/GIS_new/MGN2020_MPIO_POLITICO/MGN_MPIO_POLITICO.shp|layerid=0,"TIBIRITA, CUNDINAMARCA",-73.51362546,5.08410268
,,,,,0.02002864589,"25","815",TOCAIMA,"1799",245.83452150000,"25815","2020",CUNDINAMARCA,1.02683717863,"956",MGN_MPIO_POLITICO,/Users/jasminevieri/Documents/PhD/GIS_new/MGN2020_MPIO_POLITICO/MGN_MPIO_POLITICO.shp|layerid=0,"TOCAIMA, CUNDINAMARCA",-74.64864406,4.45207297
,,,,,0.00597189459,"25","817",TOCANCIPÁ,"1593",73.24008721000,"25817","2020",CUNDINAMARCA,0.50687409062,"957",MGN_MPIO_POLITICO,/Users/jasminevieri/Documents/PhD/GIS_new/MGN2020_MPIO_POLITICO/MGN_MPIO_POLITICO.shp|layerid=0,"TOCANCIPÁ, CUNDINAMARCA",-73.92887021,4.96885291
,,,,,0.01172485263,"25","823",TOPAIPÍ,Ordenanza 62 del 3 de Mayo de 1927,143.71079231000,"25823","2020",CUNDINAMARCA,0.77098200565,"958",MGN_MPIO_POLITICO,/Users/jasminevieri/Documents/PhD/GIS_new/MGN2020_MPIO_POLITICO/MGN_MPIO_POLITICO.shp|layerid=0,"TOPAIPÍ, CUNDINAMARCA",-74.28963994,5.35568839
,,,,,0.04258202137,"25","839",UBALÁ,"1846",522.45862443000,"25839","2020",CUNDINAMARCA,1.46356762926,"959",MGN_MPIO_POLITICO,/Users/jasminevieri/Documents/PhD/GIS_new/MGN2020_MPIO_POLITICO/MGN_MPIO_POLITICO.shp|layerid=0,"UBALÁ, CUNDINAMARCA",-73.47654604,4.80380518
,,,,,0.00872631303,"25","841",UBAQUE,"1899",107.09078877000,"25841","2020",CUNDINAMARCA,0.52797421052,"960",MGN_MPIO_POLITICO,/Users/jasminevieri/Documents/PhD/GIS_new/MGN2020_MPIO_POLITICO/MGN_MPIO_POLITICO.shp|layerid=0,"UBAQUE, CUNDINAMARCA",-73.97564545,4.50075418
,,,,,0.00834383066,"25","843",VILLA DE SAN DIEGO DE UBATÉ,"1592",102.27688028000,"25843","2020",CUNDINAMARCA,0.47036356389,"961",MGN_MPIO_POLITICO,/Users/jasminevieri/Documents/PhD/GIS_new/MGN2020_MPIO_POLITICO/MGN_MPIO_POLITICO.shp|layerid=0,"VILLA DE SAN DIEGO DE UBATÉ, C",-73.82010566,5.31608065
,,,,,0.01703648343,"25","845",UNE,"1899",209.12826861000,"25845","2020",CUNDINAMARCA,0.89292682364,"962",MGN_MPIO_POLITICO,/Users/jasminevieri/Documents/PhD/GIS_new/MGN2020_MPIO_POLITICO/MGN_MPIO_POLITICO.shp|layerid=0,"UNE, CUNDINAMARCA",-74.06808723,4.30173334
,,,,,0.01179738324,"25","862",VERGARA,"1802",144.65077516000,"25862","2020",CUNDINAMARCA,0.61577219719,"964",MGN_MPIO_POLITICO,/Users/jasminevieri/Documents/PhD/GIS_new/MGN2020_MPIO_POLITICO/MGN_MPIO_POLITICO.shp|layerid=0,"VERGARA, CUNDINAMARCA",-74.30979229,5.13126754
,,,,,0.00513677354,"25","871",VILLAGÓMEZ,Ordenanza 2 del 18 de Octubre de 1965,62.96892692000,"25871","2020",CUNDINAMARCA,0.48276327364,"966",MGN_MPIO_POLITICO,/Users/jasminevieri/Documents/PhD/GIS_new/MGN2020_MPIO_POLITICO/MGN_MPIO_POLITICO.shp|layerid=0,"VILLAGÓMEZ, CUNDINAMARCA",-74.19074375,5.27069464
,,,,,0.01844671057,"25","873",VILLAPINZÓN,"1776",226.15993867000,"25873","2020",CUNDINAMARCA,0.81123046714,"967",MGN_MPIO_POLITICO,/Users/jasminevieri/Documents/PhD/GIS_new/MGN2020_MPIO_POLITICO/MGN_MPIO_POLITICO.shp|layerid=0,"VILLAPINZÓN, CUNDINAMARCA",-73.57725921,5.22729871
,,,,,0.01148796634,"25","875",VILLETA,"1799",140.88722611000,"25875","2020",CUNDINAMARCA,0.58487672999,"968",MGN_MPIO_POLITICO,/Users/jasminevieri/Documents/PhD/GIS_new/MGN2020_MPIO_POLITICO/MGN_MPIO_POLITICO.shp|layerid=0,"VILLETA, CUNDINAMARCA",-74.48764746,5.01167040
,,,,,0.01640320901,"25","878",VIOTÁ,"1797",201.32982690000,"25878","2020",CUNDINAMARCA,0.73560624834,"969",MGN_MPIO_POLITICO,/Users/jasminevieri/Documents/PhD/GIS_new/MGN2020_MPIO_POLITICO/MGN_MPIO_POLITICO.shp|layerid=0,"VIOTÁ, CUNDINAMARCA",-74.48543339,4.43605410
,,,,,0.07808972746,"25","885",YACOPÍ,"1884",956.78327460000,"25885","2020",CUNDINAMARCA,1.99993000933,"970",MGN_MPIO_POLITICO,/Users/jasminevieri/Documents/PhD/GIS_new/MGN2020_MPIO_POLITICO/MGN_MPIO_POLITICO.shp|layerid=0,"YACOPÍ, CUNDINAMARCA",-74.36480865,5.59191016
,,,,,0.00442366097,"25","898",ZIPACÓN,"1899",54.27038247000,"25898","2020",CUNDINAMARCA,0.35159540590,"971",MGN_MPIO_POLITICO,/Users/jasminevieri/Documents/PhD/GIS_new/MGN2020_MPIO_POLITICO/MGN_MPIO_POLITICO.shp|layerid=0,"ZIPACÓN, CUNDINAMARCA",-74.38673444,4.75432173
,,,,,0.01588730654,"25","899",ZIPAQUIRÁ,"1600",194.82043432000,"25899","2020",CUNDINAMARCA,0.97099413173,"972",MGN_MPIO_POLITICO,/Users/jasminevieri/Documents/PhD/GIS_new/MGN2020_MPIO_POLITICO/MGN_MPIO_POLITICO.shp|layerid=0,"ZIPAQUIRÁ, CUNDINAMARCA",-74.02307967,5.04619240
,,,,,0.03055612315,"68","720",SANTA HELENA DEL OPÓN,Decreto Dptal 2355 del 14 de Agosto de 1975,373.85726248000,"68720","2020",SANTANDER,0.97459622968,"1004",MGN_MPIO_POLITICO,/Users/jasminevieri/Documents/PhD/GIS_new/MGN2020_MPIO_POLITICO/MGN_MPIO_POLITICO.shp|layerid=0,"SANTA HELENA DEL OPÓN, SANTAND",-73.58206609,6.40890734
,,,,,0.02329497426,"68","770",SUAITA,"1699",285.19553397000,"68770","2020",SANTANDER,0.91774332193,"1007",MGN_MPIO_POLITICO,/Users/jasminevieri/Documents/PhD/GIS_new/MGN2020_MPIO_POLITICO/MGN_MPIO_POLITICO.shp|layerid=0,"SUAITA, SANTANDER",-73.36621183,6.11476305
,,,,,0.04267759188,"68","773",SUCRE,"1892",522.53920084000,"68773","2020",SANTANDER,1.73660673731,"1008",MGN_MPIO_POLITICO,/Users/jasminevieri/Documents/PhD/GIS_new/MGN2020_MPIO_POLITICO/MGN_MPIO_POLITICO.shp|layerid=0,"SUCRE, SANTANDER",-73.95936235,5.98320373
,,,,,0.03657791593,"68","861",VÉLEZ,"1539",447.67672810000,"68861","2020",SANTANDER,2.18439942007,"1012",MGN_MPIO_POLITICO,/Users/jasminevieri/Documents/PhD/GIS_new/MGN2020_MPIO_POLITICO/MGN_MPIO_POLITICO.shp|layerid=0,"VÉLEZ, SANTANDER",-73.70244956,6.22056542
,,,,,0.02737367648,"68","377",LA BELLEZA,Ordenanza 25 de Agosto 4 de 1974,335.20158172000,"68377","2020",SANTANDER,1.17488488805,"1017",MGN_MPIO_POLITICO,/Users/jasminevieri/Documents/PhD/GIS_new/MGN2020_MPIO_POLITICO/MGN_MPIO_POLITICO.shp|layerid=0,"LA BELLEZA, SANTANDER",-74.05072489,5.91023265
,,,,,0.04823510822,"68","385",LANDÁZURI,Ordenanza 10 del 13 de Diciembre de 1974,590.21638640000,"68385","2020",SANTANDER,1.82024383312,"1018",MGN_MPIO_POLITICO,/Users/jasminevieri/Documents/PhD/GIS_new/MGN2020_MPIO_POLITICO/MGN_MPIO_POLITICO.shp|layerid=0,"LANDÁZURI, SANTANDER",-73.81868090,6.33150172
,,,,,0.02323222169,"68","397",LA PAZ,"1799",284.34697209000,"68397","2020",SANTANDER,0.98840178969,"1019",MGN_MPIO_POLITICO,/Users/jasminevieri/Documents/PhD/GIS_new/MGN2020_MPIO_POLITICO/MGN_MPIO_POLITICO.shp|layerid=0,"LA PAZ, SANTANDER",-73.62977195,6.21737437
,,,,,0.02336999400,"68","500",OIBA,"1857",286.06674772000,"68500","2020",SANTANDER,0.81677623951,"1028",MGN_MPIO_POLITICO,/Users/jasminevieri/Documents/PhD/GIS_new/MGN2020_MPIO_POLITICO/MGN_MPIO_POLITICO.shp|layerid=0,"OIBA, SANTANDER",-73.27961515,6.22559622
,,,,,0.02054910278,"68","572",PUENTE NACIONAL,"1762",251.67854824000,"68572","2020",SANTANDER,0.75590868320,"1034",MGN_MPIO_POLITICO,/Users/jasminevieri/Documents/PhD/GIS_new/MGN2020_MPIO_POLITICO/MGN_MPIO_POLITICO.shp|layerid=0,"PUENTE NACIONAL, SANTANDER",-73.67841815,5.83112991
,,,,,0.01120881943,"68","211",CONTRATACIÓN,"1962",137.17207648000,"68211","2020",SANTANDER,0.68719773132,"1037",MGN_MPIO_POLITICO,/Users/jasminevieri/Documents/PhD/GIS_new/MGN2020_MPIO_POLITICO/MGN_MPIO_POLITICO.shp|layerid=0,"CONTRATACIÓN, SANTANDER",-73.50211527,6.30311661
,,,,,0.04717077247,"68","217",COROMORO,Ordenanza 018 de 1932,577.49574601000,"68217","2020",SANTANDER,1.11679610917,"1038",MGN_MPIO_POLITICO,/Users/jasminevieri/Documents/PhD/GIS_new/MGN2020_MPIO_POLITICO/MGN_MPIO_POLITICO.shp|layerid=0,"COROMORO, SANTANDER",-72.98176802,6.23473578
,,,,,0.00759609699,"68","245",EL GUACAMAYO,Ordenanza 11 de 1963,92.96763011000,"68245","2020",SANTANDER,0.60133670768,"1041",MGN_MPIO_POLITICO,/Users/jasminevieri/Documents/PhD/GIS_new/MGN2020_MPIO_POLITICO/MGN_MPIO_POLITICO.shp|layerid=0,"EL GUACAMAYO, SANTANDER",-73.53591151,6.25354798
,,,,,0.03270031568,"68","264",ENCINO,"1899",400.43269142000,"68264","2020",SANTANDER,1.00633415995,"1043",MGN_MPIO_POLITICO,/Users/jasminevieri/Documents/PhD/GIS_new/MGN2020_MPIO_POLITICO/MGN_MPIO_POLITICO.shp|layerid=0,"ENCINO, SANTANDER",-73.06206665,6.07906122
,,,,,0.01441891766,"68","271",FLORIÁN,ordenanza 25 de Agosto 4 de 1974,176.59965513000,"68271","2020",SANTANDER,0.89237105200,"1045",MGN_MPIO_POLITICO,/Users/jasminevieri/Documents/PhD/GIS_new/MGN2020_MPIO_POLITICO/MGN_MPIO_POLITICO.shp|layerid=0,"FLORIÁN, SANTANDER",-73.95524931,5.80110629
,,,,,0.04966296241,"68","298",GÁMBITA,"1799",608.23306615000,"68298","2020",SANTANDER,1.45819740781,"1047",MGN_MPIO_POLITICO,/Users/jasminevieri/Documents/PhD/GIS_new/MGN2020_MPIO_POLITICO/MGN_MPIO_POLITICO.shp|layerid=0,"GÁMBITA, SANTANDER",-73.31939934,5.92438356
,,,,,0.01195523256,"68","320",GUADALUPE,"1799",146.33070938000,"68320","2020",SANTANDER,0.58171885536,"1049",MGN_MPIO_POLITICO,/Users/jasminevieri/Documents/PhD/GIS_new/MGN2020_MPIO_POLITICO/MGN_MPIO_POLITICO.shp|layerid=0,"GUADALUPE, SANTANDER",-73.40977445,6.23327825
,,,,,0.00549914508,"68","322",GUAPOTÁ,"1810",67.30036397000,"68322","2020",SANTANDER,0.36370767133,"1050",MGN_MPIO_POLITICO,/Users/jasminevieri/Documents/PhD/GIS_new/MGN2020_MPIO_POLITICO/MGN_MPIO_POLITICO.shp|layerid=0,"GUAPOTÁ, SANTANDER",-73.33115275,6.31929986
,,,,,0.00684318069,"68","324",GUAVATÁ,"1899",83.79545511000,"68324","2020",SANTANDER,0.46148169192,"1051",MGN_MPIO_POLITICO,/Users/jasminevieri/Documents/PhD/GIS_new/MGN2020_MPIO_POLITICO/MGN_MPIO_POLITICO.shp|layerid=0,"GUAVATÁ, SANTANDER",-73.72173671,5.94489484
,,,,,0.00246305741,"68","327",GÜEPSA,"1886",30.15674861000,"68327","2020",SANTANDER,0.32510651421,"1052",MGN_MPIO_POLITICO,/Users/jasminevieri/Documents/PhD/GIS_new/MGN2020_MPIO_POLITICO/MGN_MPIO_POLITICO.shp|layerid=0,"GÜEPSA, SANTANDER",-73.57899509,6.03337387
,,,,,0.00731561632,"68","368",JESÚS MARÍA,"1743",89.59308517000,"68368","2020",SANTANDER,0.73915899266,"1054",MGN_MPIO_POLITICO,/Users/jasminevieri/Documents/PhD/GIS_new/MGN2020_MPIO_POLITICO/MGN_MPIO_POLITICO.shp|layerid=0,"JESÚS MARÍA, SANTANDER",-73.82342217,5.85428823
,,,,,0.08251619493,"68","101",BOLÍVAR,"1844",1010.12586070000,"68101","2020",SANTANDER,4.35708084483,"1057",MGN_MPIO_POLITICO,/Users/jasminevieri/Documents/PhD/GIS_new/MGN2020_MPIO_POLITICO/MGN_MPIO_POLITICO.shp|layerid=0,"BOLÍVAR, SANTANDER",-74.11340192,6.09369131
,,,,,0.03253039178,"68","250",EL PEÑÓN,Ordenanza 18 de 1990. Decreto Departamental 0033 de 1984,398.21774664000,"68250","2020",SANTANDER,1.15920332938,"1058",MGN_MPIO_POLITICO,/Users/jasminevieri/Documents/PhD/GIS_new/MGN2020_MPIO_POLITICO/MGN_MPIO_POLITICO.shp|layerid=0,"EL PEÑÓN, SANTANDER",-73.92718229,6.09672622
,,,,,0.04080341680,"73","024",ALPUJARRA,Decreto 650 del 13 de Octubre de 1887,501.51132020000,"73024","2020",TOLIMA,1.05471369027,"1062",MGN_MPIO_POLITICO,/Users/jasminevieri/Documents/PhD/GIS_new/MGN2020_MPIO_POLITICO/MGN_MPIO_POLITICO.shp|layerid=0,"ALPUJARRA, TOLIMA",-74.94078232,3.39001506
,,,,,0.04132338074,"73","226",CUNDAY,Decreto 650 del 13 de octubre de 1887,507.51528262000,"73226","2020",TOLIMA,1.23105904726,"1074",MGN_MPIO_POLITICO,/Users/jasminevieri/Documents/PhD/GIS_new/MGN2020_MPIO_POLITICO/MGN_MPIO_POLITICO.shp|layerid=0,"CUNDAY, TOLIMA",-74.68936908,3.98252395
,,,,,0.05305820583,"73","236",DOLORES,Ley 05 de 1883,651.95039954000,"73236","2020",TOLIMA,1.87537302354,"1075",MGN_MPIO_POLITICO,/Users/jasminevieri/Documents/PhD/GIS_new/MGN2020_MPIO_POLITICO/MGN_MPIO_POLITICO.shp|layerid=0,"DOLORES, TOLIMA",-74.80256674,3.59786327
,,,,,0.01752479569,"73","352",ICONONZO,Ordenanza 21 del 30 de Marzo de 1915,215.18185508000,"73352","2020",TOLIMA,0.79165931291,"1082",MGN_MPIO_POLITICO,/Users/jasminevieri/Documents/PhD/GIS_new/MGN2020_MPIO_POLITICO/MGN_MPIO_POLITICO.shp|layerid=0,"ICONONZO, TOLIMA",-74.53964257,4.13327637
,,,,,0.01646486460,"73","449",MELGAR,"1949",202.16042796000,"73449","2020",TOLIMA,0.96016664993,"1086",MGN_MPIO_POLITICO,/Users/jasminevieri/Documents/PhD/GIS_new/MGN2020_MPIO_POLITICO/MGN_MPIO_POLITICO.shp|layerid=0,"MELGAR, TOLIMA",-74.63783301,4.18604941
,,,,,0.03443023937,"73","563",PRADO,"1866",423.01300283000,"73563","2020",TOLIMA,1.16573928868,"1093",MGN_MPIO_POLITICO,/Users/jasminevieri/Documents/PhD/GIS_new/MGN2020_MPIO_POLITICO/MGN_MPIO_POLITICO.shp|layerid=0,"PRADO, TOLIMA",-74.87247706,3.72916665
,,,,,0.03274116500,"73","585",PURIFICACIÓN,"1664",402.20480783000,"73585","2020",TOLIMA,1.46054272416,"1094",MGN_MPIO_POLITICO,/Users/jasminevieri/Documents/PhD/GIS_new/MGN2020_MPIO_POLITICO/MGN_MPIO_POLITICO.shp|layerid=0,"PURIFICACIÓN, TOLIMA",-74.87451155,3.85428161
,,,,,0.03504522581,"73","873",VILLARRICA,Decreto 1131 del 19 de Diciembre de 1949,430.46301234000,"73873","2020",TOLIMA,0.92994176463,"1106",MGN_MPIO_POLITICO,/Users/jasminevieri/Documents/PhD/GIS_new/MGN2020_MPIO_POLITICO/MGN_MPIO_POLITICO.shp|layerid=0,"VILLARRICA, TOLIMA",-74.61896623,3.85438410
,,,,,0.01527477265,"25","754",SOACHA,"1799",187.44595436000,"25754","2020",CUNDINAMARCA,0.91347429491,"1111",MGN_MPIO_POLITICO,/Users/jasminevieri/Documents/PhD/GIS_new/MGN2020_MPIO_POLITICO/MGN_MPIO_POLITICO.shp|layerid=0,"SOACHA, CUNDINAMARCA",-74.22993000,4.53759938
,,,,,0.00653502738,"25","175",CHÍA,"1700",80.15804066000,"25175","2020",CUNDINAMARCA,0.50991388514,"1112",MGN_MPIO_POLITICO,/Users/jasminevieri/Documents/PhD/GIS_new/MGN2020_MPIO_POLITICO/MGN_MPIO_POLITICO.shp|layerid=0,"CHÍA, CUNDINAMARCA",-74.03692251,4.86545185
,,,,,0.00711028919,"25","260",EL ROSAL,ORD 25 DE SEPTIEMBRE 25 DE 1997,87.21297255000,"25260","2020",CUNDINAMARCA,0.42204140913,"1113",MGN_MPIO_POLITICO,/Users/jasminevieri/Documents/PhD/GIS_new/MGN2020_MPIO_POLITICO/MGN_MPIO_POLITICO.shp|layerid=0,"EL ROSAL, CUNDINAMARCA",-74.23802273,4.87972302
,,,,,0.00863443598,"25","473",MOSQUERA,"1861",105.93888875000,"25473","2020",CUNDINAMARCA,0.59407268611,"1114",MGN_MPIO_POLITICO,/Users/jasminevieri/Documents/PhD/GIS_new/MGN2020_MPIO_POLITICO/MGN_MPIO_POLITICO.shp|layerid=0,"MOSQUERA, CUNDINAMARCA",-74.23573194,4.67271422
,,,,,0.00995147364,"25","740",SIBATÉ,Ordenanza 40 del 24 de Noviembre de 1967,122.13267260000,"25740","2020",CUNDINAMARCA,0.55129000191,"1115",MGN_MPIO_POLITICO,/Users/jasminevieri/Documents/PhD/GIS_new/MGN2020_MPIO_POLITICO/MGN_MPIO_POLITICO.shp|layerid=0,"SIBATÉ, CUNDINAMARCA",-74.26328963,4.46597000
,,,,,0.01580019399,"25","290",FUSAGASUGÁ,"1771",193.95287674000,"25290","2020",CUNDINAMARCA,1.02614305779,"1116",MGN_MPIO_POLITICO,/Users/jasminevieri/Documents/PhD/GIS_new/MGN2020_MPIO_POLITICO/MGN_MPIO_POLITICO.shp|layerid=0,"FUSAGASUGÁ, CUNDINAMARCA",-74.38859114,4.32353403
